img_name,prediction
Bean/0001.jpg,Bean
Bean/0002.jpg,Bean
Bean/0003.jpg,Bean
Bean/0004.jpg,Bean
Bean/0005.jpg,Bean
Bean/0006.jpg,Bean
Bean/0007.jpg,Bean
Bean/0008.jpg,Bean
Bean/0009.jpg,Bean
Bean/0010.jpg,Bean
Bean/0011.jpg,Bean
Bean/0012.jpg,Bean
Bean/0013.jpg,Bean
Bean/0014.jpg,Bean
Bean/0015.jpg,Bean
Bean/0016.jpg,Bean
Bean/0017.jpg,Bean
Bean/0018.jpg,Bean
Bean/0019.jpg,Bean
Bean/0020.jpg,Bean
Bean/0021.jpg,Bean
Bean/0022.jpg,Bean
Bean/0100.jpg,Bean
Bean/0101.jpg,Bean
Bean/0102.jpg,Bean
Bean/0103.jpg,Bean
Bean/0104.jpg,Bean
Bean/0105.jpg,Bean
Bean/0106.jpg,Bean
Bean/0107.jpg,Bean
Bean/0108.jpg,Bean
Bean/0109.jpg,Bean
Bean/0110.jpg,Bean
Bean/0111.jpg,Bean
Bean/0112.jpg,Bean
Bean/0113.jpg,Bean
Bean/0114.jpg,Bean
Bean/0115.jpg,Bean
Bean/0116.jpg,Bean
Bean/0117.jpg,Bean
Bean/0118.jpg,Bean
Bean/0119.jpg,Bean
Bean/0120.jpg,Bean
Bean/0121.jpg,Bean
Bean/0122.jpg,Bean
Bean/0123.jpg,Bean
Bean/0124.jpg,Bean
Bean/0125.jpg,Bean
Bean/0126.jpg,Bean
Bean/0127.jpg,Bean
Bean/0128.jpg,Bean
Bean/0129.jpg,Bean
Bean/0130.jpg,Radish
Bean/0131.jpg,Bean
Bean/0132.jpg,Bean
Bean/0133.jpg,Bean
Bean/0134.jpg,Bean
Bean/0135.jpg,Bean
Bean/0136.jpg,Bean
Bean/0137.jpg,Bean
Bean/0138.jpg,Bean
Bean/0139.jpg,Bean
Bean/0140.jpg,Bean
Bean/0141.jpg,Bean
Bean/0142.jpg,Bean
Bean/0143.jpg,Bean
Bean/0144.jpg,Bean
Bean/0145.jpg,Bean
Bean/0146.jpg,Bean
Bean/0147.jpg,Bean
Bean/0148.jpg,Bean
Bean/0149.jpg,Bean
Bean/0150.jpg,Bean
Bean/0151.jpg,Bean
Bean/0152.jpg,Bean
Bean/0153.jpg,Bean
Bean/0154.jpg,Bean
Bean/0199.jpg,Bean
Bean/0200.jpg,Bean
Bean/0201.jpg,Bean
Bean/0202.jpg,Bean
Bean/0203.jpg,Bean
Bean/0204.jpg,Bean
Bean/0205.jpg,Bean
Bean/0206.jpg,Bean
Bean/0207.jpg,Bean
Bean/0208.jpg,Bean
Bean/0212.jpg,Bean
Bean/0309.jpg,Bean
Bean/0310.jpg,Bean
Bean/0311.jpg,Bean
Bean/0312.jpg,Bean
Bean/0313.jpg,Bean
Bean/0314.jpg,Bean
Bean/0315.jpg,Bean
Bean/0316.jpg,Bean
Bean/0317.jpg,Bean
Bean/0318.jpg,Bean
Bean/0319.jpg,Bean
Bean/0382.jpg,Bean
Bean/0383.jpg,Bean
Bean/0384.jpg,Bean
Bean/0385.jpg,Bean
Bean/0393.jpg,Bean
Bean/0394.jpg,Bean
Bean/0395.jpg,Bean
Bean/0396.jpg,Bean
Bean/0482.jpg,Bean
Bean/0483.jpg,Bean
Bean/0484.jpg,Bean
Bean/0485.jpg,Bean
Bean/0486.jpg,Bean
Bean/0487.jpg,Bean
Bean/0488.jpg,Bean
Bean/0489.jpg,Bean
Bean/0490.jpg,Bean
Bean/0491.jpg,Bean
Bean/0492.jpg,Bean
Bean/0507.jpg,Bean
Bean/0508.jpg,Bean
Bean/0509.jpg,Bean
Bean/0510.jpg,Bean
Bean/0511.jpg,Bean
Bean/0512.jpg,Bean
Bean/0513.jpg,Bean
Bean/0514.jpg,Bean
Bean/0515.jpg,Bean
Bean/0516.jpg,Bean
Bean/0517.jpg,Bean
Bean/0518.jpg,Bean
Bean/0519.jpg,Bean
Bean/0520.jpg,Bean
Bean/0521.jpg,Bean
Bean/0522.jpg,Bean
Bean/0523.jpg,Bean
Bean/0524.jpg,Bean
Bean/0525.jpg,Bean
Bean/0526.jpg,Bean
Bean/0527.jpg,Bean
Bean/0528.jpg,Bean
Bean/0529.jpg,Bean
Bean/0530.jpg,Bean
Bean/0531.jpg,Bean
Bean/0532.jpg,Bean
Bean/0533.jpg,Bean
Bean/0534.jpg,Bean
Bean/0535.jpg,Bean
Bean/0536.jpg,Bean
Bean/0537.jpg,Bean
Bean/0538.jpg,Bean
Bean/0539.jpg,Bean
Bean/0617.jpg,Bean
Bean/0618.jpg,Bean
Bean/0619.jpg,Bean
Bean/0620.jpg,Bean
Bean/0621.jpg,Bean
Bean/0622.jpg,Bean
Bean/0623.jpg,Bean
Bean/0624.jpg,Bean
Bean/0628.jpg,Bean
Bean/0629.jpg,Bean
Bean/0630.jpg,Bean
Bean/0631.jpg,Bean
Bean/0632.jpg,Bean
Bean/0633.jpg,Bean
Bean/0634.jpg,Bean
Bean/0635.jpg,Bean
Bean/0641.jpg,Bean
Bean/0642.jpg,Bean
Bean/0643.jpg,Bean
Bean/0644.jpg,Bean
Bean/0645.jpg,Bean
Bean/0646.jpg,Bean
Bean/0649.jpg,Bean
Bean/0650.jpg,Bean
Bean/0651.jpg,Bean
Bean/0652.jpg,Bean
Bean/0653.jpg,Bean
Bean/0654.jpg,Bean
Bean/0655.jpg,Bean
Bean/0656.jpg,Bean
Bean/0657.jpg,Bean
Bean/0658.jpg,Bean
Bean/0659.jpg,Bean
Bean/0660.jpg,Bean
Bean/0661.jpg,Bean
Bean/0662.jpg,Bean
Bean/0699.jpg,Bean
Bean/0700.jpg,Bean
Bean/0701.jpg,Bean
Bean/0710.jpg,Bean
Bean/0711.jpg,Bean
Bean/0712.jpg,Bean
Bean/0797.jpg,Bean
Bean/0800.jpg,Bean
Bean/0801.jpg,Bean
Bean/0806.jpg,Bean
Bean/0818.jpg,Bean
Bean/0825.jpg,Bean
Bean/0828.jpg,Bean
Bitter_Gourd/1201.jpg,Bitter_Gourd
Bitter_Gourd/1202.jpg,Bitter_Gourd
Bitter_Gourd/1203.jpg,Bitter_Gourd
Bitter_Gourd/1204.jpg,Bitter_Gourd
Bitter_Gourd/1205.jpg,Bitter_Gourd
Bitter_Gourd/1206.jpg,Bitter_Gourd
Bitter_Gourd/1207.jpg,Bitter_Gourd
Bitter_Gourd/1208.jpg,Bitter_Gourd
Bitter_Gourd/1209.jpg,Bitter_Gourd
Bitter_Gourd/1210.jpg,Bitter_Gourd
Bitter_Gourd/1211.jpg,Bitter_Gourd
Bitter_Gourd/1212.jpg,Bitter_Gourd
Bitter_Gourd/1213.jpg,Bitter_Gourd
Bitter_Gourd/1214.jpg,Bitter_Gourd
Bitter_Gourd/1215.jpg,Bitter_Gourd
Bitter_Gourd/1216.jpg,Bitter_Gourd
Bitter_Gourd/1217.jpg,Bitter_Gourd
Bitter_Gourd/1218.jpg,Bitter_Gourd
Bitter_Gourd/1219.jpg,Bitter_Gourd
Bitter_Gourd/1220.jpg,Bitter_Gourd
Bitter_Gourd/1221.jpg,Bitter_Gourd
Bitter_Gourd/1222.jpg,Bitter_Gourd
Bitter_Gourd/1223.jpg,Bitter_Gourd
Bitter_Gourd/1224.jpg,Bitter_Gourd
Bitter_Gourd/1225.jpg,Bitter_Gourd
Bitter_Gourd/1226.jpg,Bitter_Gourd
Bitter_Gourd/1227.jpg,Bitter_Gourd
Bitter_Gourd/1228.jpg,Bitter_Gourd
Bitter_Gourd/1229.jpg,Bitter_Gourd
Bitter_Gourd/1230.jpg,Bitter_Gourd
Bitter_Gourd/1231.jpg,Bitter_Gourd
Bitter_Gourd/1232.jpg,Bitter_Gourd
Bitter_Gourd/1233.jpg,Bitter_Gourd
Bitter_Gourd/1234.jpg,Bitter_Gourd
Bitter_Gourd/1235.jpg,Bitter_Gourd
Bitter_Gourd/1236.jpg,Bitter_Gourd
Bitter_Gourd/1237.jpg,Bitter_Gourd
Bitter_Gourd/1238.jpg,Bitter_Gourd
Bitter_Gourd/1239.jpg,Bitter_Gourd
Bitter_Gourd/1240.jpg,Bitter_Gourd
Bitter_Gourd/1241.jpg,Bitter_Gourd
Bitter_Gourd/1242.jpg,Bitter_Gourd
Bitter_Gourd/1243.jpg,Bitter_Gourd
Bitter_Gourd/1244.jpg,Bitter_Gourd
Bitter_Gourd/1245.jpg,Bitter_Gourd
Bitter_Gourd/1246.jpg,Bitter_Gourd
Bitter_Gourd/1247.jpg,Bitter_Gourd
Bitter_Gourd/1248.jpg,Bitter_Gourd
Bitter_Gourd/1249.jpg,Bitter_Gourd
Bitter_Gourd/1250.jpg,Bitter_Gourd
Bitter_Gourd/1251.jpg,Bitter_Gourd
Bitter_Gourd/1252.jpg,Bitter_Gourd
Bitter_Gourd/1253.jpg,Bitter_Gourd
Bitter_Gourd/1254.jpg,Bitter_Gourd
Bitter_Gourd/1255.jpg,Bitter_Gourd
Bitter_Gourd/1256.jpg,Bitter_Gourd
Bitter_Gourd/1257.jpg,Bitter_Gourd
Bitter_Gourd/1258.jpg,Bitter_Gourd
Bitter_Gourd/1259.jpg,Bitter_Gourd
Bitter_Gourd/1260.jpg,Bitter_Gourd
Bitter_Gourd/1261.jpg,Bitter_Gourd
Bitter_Gourd/1262.jpg,Bitter_Gourd
Bitter_Gourd/1263.jpg,Bitter_Gourd
Bitter_Gourd/1264.jpg,Bitter_Gourd
Bitter_Gourd/1265.jpg,Bitter_Gourd
Bitter_Gourd/1266.jpg,Bitter_Gourd
Bitter_Gourd/1267.jpg,Bitter_Gourd
Bitter_Gourd/1268.jpg,Bitter_Gourd
Bitter_Gourd/1269.jpg,Bitter_Gourd
Bitter_Gourd/1270.jpg,Bitter_Gourd
Bitter_Gourd/1271.jpg,Bitter_Gourd
Bitter_Gourd/1272.jpg,Bitter_Gourd
Bitter_Gourd/1273.jpg,Bitter_Gourd
Bitter_Gourd/1274.jpg,Bitter_Gourd
Bitter_Gourd/1275.jpg,Bitter_Gourd
Bitter_Gourd/1276.jpg,Bitter_Gourd
Bitter_Gourd/1277.jpg,Bitter_Gourd
Bitter_Gourd/1278.jpg,Bitter_Gourd
Bitter_Gourd/1279.jpg,Bitter_Gourd
Bitter_Gourd/1280.jpg,Bitter_Gourd
Bitter_Gourd/1281.jpg,Bitter_Gourd
Bitter_Gourd/1282.jpg,Bitter_Gourd
Bitter_Gourd/1283.jpg,Bitter_Gourd
Bitter_Gourd/1284.jpg,Bitter_Gourd
Bitter_Gourd/1285.jpg,Bitter_Gourd
Bitter_Gourd/1286.jpg,Bitter_Gourd
Bitter_Gourd/1287.jpg,Bitter_Gourd
Bitter_Gourd/1288.jpg,Bitter_Gourd
Bitter_Gourd/1289.jpg,Bitter_Gourd
Bitter_Gourd/1290.jpg,Bean
Bitter_Gourd/1291.jpg,Bitter_Gourd
Bitter_Gourd/1292.jpg,Bitter_Gourd
Bitter_Gourd/1293.jpg,Bitter_Gourd
Bitter_Gourd/1294.jpg,Bitter_Gourd
Bitter_Gourd/1295.jpg,Bitter_Gourd
Bitter_Gourd/1296.jpg,Bitter_Gourd
Bitter_Gourd/1297.jpg,Bitter_Gourd
Bitter_Gourd/1298.jpg,Bitter_Gourd
Bitter_Gourd/1299.jpg,Bitter_Gourd
Bitter_Gourd/1300.jpg,Bitter_Gourd
Bitter_Gourd/1301.jpg,Bitter_Gourd
Bitter_Gourd/1302.jpg,Bitter_Gourd
Bitter_Gourd/1303.jpg,Bitter_Gourd
Bitter_Gourd/1304.jpg,Bitter_Gourd
Bitter_Gourd/1305.jpg,Bitter_Gourd
Bitter_Gourd/1306.jpg,Bitter_Gourd
Bitter_Gourd/1307.jpg,Bitter_Gourd
Bitter_Gourd/1308.jpg,Bitter_Gourd
Bitter_Gourd/1309.jpg,Bitter_Gourd
Bitter_Gourd/1310.jpg,Bitter_Gourd
Bitter_Gourd/1311.jpg,Bitter_Gourd
Bitter_Gourd/1312.jpg,Bitter_Gourd
Bitter_Gourd/1313.jpg,Bitter_Gourd
Bitter_Gourd/1314.jpg,Bitter_Gourd
Bitter_Gourd/1315.jpg,Bitter_Gourd
Bitter_Gourd/1316.jpg,Bitter_Gourd
Bitter_Gourd/1317.jpg,Bitter_Gourd
Bitter_Gourd/1318.jpg,Bitter_Gourd
Bitter_Gourd/1319.jpg,Bitter_Gourd
Bitter_Gourd/1320.jpg,Bitter_Gourd
Bitter_Gourd/1321.jpg,Bitter_Gourd
Bitter_Gourd/1322.jpg,Bitter_Gourd
Bitter_Gourd/1323.jpg,Bitter_Gourd
Bitter_Gourd/1324.jpg,Bitter_Gourd
Bitter_Gourd/1325.jpg,Bitter_Gourd
Bitter_Gourd/1326.jpg,Pumpkin
Bitter_Gourd/1327.jpg,Bitter_Gourd
Bitter_Gourd/1328.jpg,Bitter_Gourd
Bitter_Gourd/1329.jpg,Bitter_Gourd
Bitter_Gourd/1330.jpg,Bitter_Gourd
Bitter_Gourd/1331.jpg,Bitter_Gourd
Bitter_Gourd/1332.jpg,Bitter_Gourd
Bitter_Gourd/1333.jpg,Bitter_Gourd
Bitter_Gourd/1334.jpg,Bitter_Gourd
Bitter_Gourd/1335.jpg,Bitter_Gourd
Bitter_Gourd/1336.jpg,Bitter_Gourd
Bitter_Gourd/1337.jpg,Bitter_Gourd
Bitter_Gourd/1338.jpg,Bitter_Gourd
Bitter_Gourd/1339.jpg,Bitter_Gourd
Bitter_Gourd/1340.jpg,Bitter_Gourd
Bitter_Gourd/1341.jpg,Bitter_Gourd
Bitter_Gourd/1342.jpg,Bitter_Gourd
Bitter_Gourd/1343.jpg,Bitter_Gourd
Bitter_Gourd/1344.jpg,Bitter_Gourd
Bitter_Gourd/1345.jpg,Bitter_Gourd
Bitter_Gourd/1346.jpg,Bitter_Gourd
Bitter_Gourd/1347.jpg,Bitter_Gourd
Bitter_Gourd/1348.jpg,Bitter_Gourd
Bitter_Gourd/1349.jpg,Bitter_Gourd
Bitter_Gourd/1350.jpg,Bitter_Gourd
Bitter_Gourd/1351.jpg,Bitter_Gourd
Bitter_Gourd/1352.jpg,Bitter_Gourd
Bitter_Gourd/1353.jpg,Bitter_Gourd
Bitter_Gourd/1354.jpg,Bitter_Gourd
Bitter_Gourd/1355.jpg,Bitter_Gourd
Bitter_Gourd/1356.jpg,Bitter_Gourd
Bitter_Gourd/1357.jpg,Broccoli
Bitter_Gourd/1358.jpg,Bitter_Gourd
Bitter_Gourd/1359.jpg,Bitter_Gourd
Bitter_Gourd/1360.jpg,Bitter_Gourd
Bitter_Gourd/1361.jpg,Bitter_Gourd
Bitter_Gourd/1362.jpg,Bitter_Gourd
Bitter_Gourd/1363.jpg,Bitter_Gourd
Bitter_Gourd/1364.jpg,Bitter_Gourd
Bitter_Gourd/1365.jpg,Bitter_Gourd
Bitter_Gourd/1366.jpg,Bitter_Gourd
Bitter_Gourd/1367.jpg,Bitter_Gourd
Bitter_Gourd/1368.jpg,Bitter_Gourd
Bitter_Gourd/1369.jpg,Broccoli
Bitter_Gourd/1370.jpg,Bitter_Gourd
Bitter_Gourd/1371.jpg,Bitter_Gourd
Bitter_Gourd/1372.jpg,Bitter_Gourd
Bitter_Gourd/1373.jpg,Bitter_Gourd
Bitter_Gourd/1374.jpg,Bitter_Gourd
Bitter_Gourd/1375.jpg,Bitter_Gourd
Bitter_Gourd/1376.jpg,Bitter_Gourd
Bitter_Gourd/1377.jpg,Bitter_Gourd
Bitter_Gourd/1378.jpg,Bitter_Gourd
Bitter_Gourd/1379.jpg,Bitter_Gourd
Bitter_Gourd/1380.jpg,Bitter_Gourd
Bitter_Gourd/1381.jpg,Bitter_Gourd
Bitter_Gourd/1382.jpg,Bitter_Gourd
Bitter_Gourd/1383.jpg,Bitter_Gourd
Bitter_Gourd/1384.jpg,Bitter_Gourd
Bitter_Gourd/1385.jpg,Bitter_Gourd
Bitter_Gourd/1386.jpg,Bitter_Gourd
Bitter_Gourd/1387.jpg,Bitter_Gourd
Bitter_Gourd/1388.jpg,Bitter_Gourd
Bitter_Gourd/1389.jpg,Bitter_Gourd
Bitter_Gourd/1390.jpg,Bitter_Gourd
Bitter_Gourd/1391.jpg,Bitter_Gourd
Bitter_Gourd/1392.jpg,Bitter_Gourd
Bitter_Gourd/1393.jpg,Bitter_Gourd
Bitter_Gourd/1394.jpg,Bitter_Gourd
Bitter_Gourd/1395.jpg,Bitter_Gourd
Bitter_Gourd/1396.jpg,Pumpkin
Bitter_Gourd/1397.jpg,Bitter_Gourd
Bitter_Gourd/1398.jpg,Bitter_Gourd
Bitter_Gourd/1399.jpg,Bitter_Gourd
Bitter_Gourd/1400.jpg,Bitter_Gourd
Bottle_Gourd/1001.jpg,Bottle_Gourd
Bottle_Gourd/1002.jpg,Bottle_Gourd
Bottle_Gourd/1003.jpg,Bottle_Gourd
Bottle_Gourd/1004.jpg,Bottle_Gourd
Bottle_Gourd/1005.jpg,Bottle_Gourd
Bottle_Gourd/1006.jpg,Bottle_Gourd
Bottle_Gourd/1007.jpg,Bottle_Gourd
Bottle_Gourd/1008.jpg,Bottle_Gourd
Bottle_Gourd/1009.jpg,Bottle_Gourd
Bottle_Gourd/1010.jpg,Bottle_Gourd
Bottle_Gourd/1011.jpg,Bottle_Gourd
Bottle_Gourd/1012.jpg,Bottle_Gourd
Bottle_Gourd/1013.jpg,Bottle_Gourd
Bottle_Gourd/1014.jpg,Bottle_Gourd
Bottle_Gourd/1015.jpg,Bottle_Gourd
Bottle_Gourd/1016.jpg,Bottle_Gourd
Bottle_Gourd/1017.jpg,Radish
Bottle_Gourd/1018.jpg,Bottle_Gourd
Bottle_Gourd/1019.jpg,Bottle_Gourd
Bottle_Gourd/1020.jpg,Bottle_Gourd
Bottle_Gourd/1021.jpg,Bottle_Gourd
Bottle_Gourd/1022.jpg,Bottle_Gourd
Bottle_Gourd/1023.jpg,Bottle_Gourd
Bottle_Gourd/1024.jpg,Bottle_Gourd
Bottle_Gourd/1025.jpg,Bottle_Gourd
Bottle_Gourd/1026.jpg,Bottle_Gourd
Bottle_Gourd/1027.jpg,Bottle_Gourd
Bottle_Gourd/1028.jpg,Bottle_Gourd
Bottle_Gourd/1029.jpg,Bottle_Gourd
Bottle_Gourd/1030.jpg,Bottle_Gourd
Bottle_Gourd/1031.jpg,Bottle_Gourd
Bottle_Gourd/1032.jpg,Bottle_Gourd
Bottle_Gourd/1033.jpg,Bottle_Gourd
Bottle_Gourd/1034.jpg,Bottle_Gourd
Bottle_Gourd/1035.jpg,Bottle_Gourd
Bottle_Gourd/1036.jpg,Bottle_Gourd
Bottle_Gourd/1037.jpg,Bottle_Gourd
Bottle_Gourd/1038.jpg,Bottle_Gourd
Bottle_Gourd/1039.jpg,Bottle_Gourd
Bottle_Gourd/1040.jpg,Radish
Bottle_Gourd/1041.jpg,Bottle_Gourd
Bottle_Gourd/1042.jpg,Bottle_Gourd
Bottle_Gourd/1043.jpg,Radish
Bottle_Gourd/1044.jpg,Bottle_Gourd
Bottle_Gourd/1045.jpg,Bottle_Gourd
Bottle_Gourd/1046.jpg,Bottle_Gourd
Bottle_Gourd/1047.jpg,Bottle_Gourd
Bottle_Gourd/1048.jpg,Bottle_Gourd
Bottle_Gourd/1049.jpg,Bottle_Gourd
Bottle_Gourd/1050.jpg,Bottle_Gourd
Bottle_Gourd/1051.jpg,Bottle_Gourd
Bottle_Gourd/1052.jpg,Bottle_Gourd
Bottle_Gourd/1053.jpg,Bottle_Gourd
Bottle_Gourd/1054.jpg,Bottle_Gourd
Bottle_Gourd/1055.jpg,Bottle_Gourd
Bottle_Gourd/1056.jpg,Bottle_Gourd
Bottle_Gourd/1057.jpg,Bottle_Gourd
Bottle_Gourd/1058.jpg,Bottle_Gourd
Bottle_Gourd/1059.jpg,Bottle_Gourd
Bottle_Gourd/1060.jpg,Bottle_Gourd
Bottle_Gourd/1061.jpg,Bottle_Gourd
Bottle_Gourd/1062.jpg,Bottle_Gourd
Bottle_Gourd/1063.jpg,Bottle_Gourd
Bottle_Gourd/1064.jpg,Bottle_Gourd
Bottle_Gourd/1065.jpg,Bottle_Gourd
Bottle_Gourd/1066.jpg,Bottle_Gourd
Bottle_Gourd/1067.jpg,Bottle_Gourd
Bottle_Gourd/1068.jpg,Bottle_Gourd
Bottle_Gourd/1069.jpg,Bottle_Gourd
Bottle_Gourd/1070.jpg,Bottle_Gourd
Bottle_Gourd/1071.jpg,Bottle_Gourd
Bottle_Gourd/1072.jpg,Bottle_Gourd
Bottle_Gourd/1073.jpg,Bottle_Gourd
Bottle_Gourd/1074.jpg,Bottle_Gourd
Bottle_Gourd/1075.jpg,Bottle_Gourd
Bottle_Gourd/1076.jpg,Bottle_Gourd
Bottle_Gourd/1077.jpg,Bottle_Gourd
Bottle_Gourd/1078.jpg,Bottle_Gourd
Bottle_Gourd/1079.jpg,Bottle_Gourd
Bottle_Gourd/1080.jpg,Bottle_Gourd
Bottle_Gourd/1081.jpg,Bottle_Gourd
Bottle_Gourd/1082.jpg,Bottle_Gourd
Bottle_Gourd/1083.jpg,Bottle_Gourd
Bottle_Gourd/1084.jpg,Bottle_Gourd
Bottle_Gourd/1085.jpg,Bottle_Gourd
Bottle_Gourd/1086.jpg,Bottle_Gourd
Bottle_Gourd/1087.jpg,Bottle_Gourd
Bottle_Gourd/1088.jpg,Bottle_Gourd
Bottle_Gourd/1089.jpg,Bottle_Gourd
Bottle_Gourd/1090.jpg,Bottle_Gourd
Bottle_Gourd/1091.jpg,Bottle_Gourd
Bottle_Gourd/1092.jpg,Bottle_Gourd
Bottle_Gourd/1093.jpg,Bottle_Gourd
Bottle_Gourd/1094.jpg,Bottle_Gourd
Bottle_Gourd/1095.jpg,Bottle_Gourd
Bottle_Gourd/1096.jpg,Bottle_Gourd
Bottle_Gourd/1097.jpg,Bottle_Gourd
Bottle_Gourd/1098.jpg,Bottle_Gourd
Bottle_Gourd/1099.jpg,Bottle_Gourd
Bottle_Gourd/1100.jpg,Bottle_Gourd
Bottle_Gourd/1101.jpg,Bottle_Gourd
Bottle_Gourd/1102.jpg,Bottle_Gourd
Bottle_Gourd/1103.jpg,Bottle_Gourd
Bottle_Gourd/1104.jpg,Bottle_Gourd
Bottle_Gourd/1105.jpg,Bottle_Gourd
Bottle_Gourd/1106.jpg,Bottle_Gourd
Bottle_Gourd/1107.jpg,Bottle_Gourd
Bottle_Gourd/1108.jpg,Bottle_Gourd
Bottle_Gourd/1109.jpg,Bottle_Gourd
Bottle_Gourd/1110.jpg,Bottle_Gourd
Bottle_Gourd/1111.jpg,Bottle_Gourd
Bottle_Gourd/1112.jpg,Bottle_Gourd
Bottle_Gourd/1113.jpg,Radish
Bottle_Gourd/1114.jpg,Bottle_Gourd
Bottle_Gourd/1115.jpg,Bottle_Gourd
Bottle_Gourd/1116.jpg,Bottle_Gourd
Bottle_Gourd/1117.jpg,Bottle_Gourd
Bottle_Gourd/1118.jpg,Bottle_Gourd
Bottle_Gourd/1119.jpg,Bottle_Gourd
Bottle_Gourd/1120.jpg,Bottle_Gourd
Bottle_Gourd/1121.jpg,Bottle_Gourd
Bottle_Gourd/1122.jpg,Bottle_Gourd
Bottle_Gourd/1123.jpg,Bottle_Gourd
Bottle_Gourd/1124.jpg,Bottle_Gourd
Bottle_Gourd/1125.jpg,Bottle_Gourd
Bottle_Gourd/1126.jpg,Bottle_Gourd
Bottle_Gourd/1127.jpg,Bottle_Gourd
Bottle_Gourd/1128.jpg,Bottle_Gourd
Bottle_Gourd/1129.jpg,Bottle_Gourd
Bottle_Gourd/1130.jpg,Bottle_Gourd
Bottle_Gourd/1131.jpg,Bottle_Gourd
Bottle_Gourd/1132.jpg,Bottle_Gourd
Bottle_Gourd/1133.jpg,Bottle_Gourd
Bottle_Gourd/1134.jpg,Bottle_Gourd
Bottle_Gourd/1135.jpg,Bottle_Gourd
Bottle_Gourd/1136.jpg,Bottle_Gourd
Bottle_Gourd/1137.jpg,Bottle_Gourd
Bottle_Gourd/1138.jpg,Bottle_Gourd
Bottle_Gourd/1139.jpg,Bottle_Gourd
Bottle_Gourd/1140.jpg,Bottle_Gourd
Bottle_Gourd/1141.jpg,Bottle_Gourd
Bottle_Gourd/1142.jpg,Bottle_Gourd
Bottle_Gourd/1143.jpg,Bottle_Gourd
Bottle_Gourd/1144.jpg,Bottle_Gourd
Bottle_Gourd/1145.jpg,Bottle_Gourd
Bottle_Gourd/1146.jpg,Bottle_Gourd
Bottle_Gourd/1147.jpg,Bottle_Gourd
Bottle_Gourd/1148.jpg,Bottle_Gourd
Bottle_Gourd/1149.jpg,Bottle_Gourd
Bottle_Gourd/1150.jpg,Bottle_Gourd
Bottle_Gourd/1151.jpg,Bottle_Gourd
Bottle_Gourd/1152.jpg,Bottle_Gourd
Bottle_Gourd/1153.jpg,Bottle_Gourd
Bottle_Gourd/1154.jpg,Radish
Bottle_Gourd/1155.jpg,Bottle_Gourd
Bottle_Gourd/1156.jpg,Bottle_Gourd
Bottle_Gourd/1157.jpg,Bottle_Gourd
Bottle_Gourd/1158.jpg,Bottle_Gourd
Bottle_Gourd/1159.jpg,Bottle_Gourd
Bottle_Gourd/1160.jpg,Bottle_Gourd
Bottle_Gourd/1161.jpg,Bottle_Gourd
Bottle_Gourd/1162.jpg,Bottle_Gourd
Bottle_Gourd/1163.jpg,Bottle_Gourd
Bottle_Gourd/1164.jpg,Bottle_Gourd
Bottle_Gourd/1165.jpg,Bottle_Gourd
Bottle_Gourd/1166.jpg,Bottle_Gourd
Bottle_Gourd/1167.jpg,Bottle_Gourd
Bottle_Gourd/1168.jpg,Bottle_Gourd
Bottle_Gourd/1169.jpg,Bottle_Gourd
Bottle_Gourd/1170.jpg,Bottle_Gourd
Bottle_Gourd/1171.jpg,Bottle_Gourd
Bottle_Gourd/1172.jpg,Bottle_Gourd
Bottle_Gourd/1173.jpg,Bottle_Gourd
Bottle_Gourd/1174.jpg,Bottle_Gourd
Bottle_Gourd/1175.jpg,Bottle_Gourd
Bottle_Gourd/1176.jpg,Radish
Bottle_Gourd/1177.jpg,Bottle_Gourd
Bottle_Gourd/1178.jpg,Bottle_Gourd
Bottle_Gourd/1179.jpg,Bottle_Gourd
Bottle_Gourd/1180.jpg,Bottle_Gourd
Bottle_Gourd/1181.jpg,Bottle_Gourd
Bottle_Gourd/1182.jpg,Bottle_Gourd
Bottle_Gourd/1183.jpg,Bottle_Gourd
Bottle_Gourd/1184.jpg,Bottle_Gourd
Bottle_Gourd/1185.jpg,Bottle_Gourd
Bottle_Gourd/1186.jpg,Bottle_Gourd
Bottle_Gourd/1187.jpg,Bottle_Gourd
Bottle_Gourd/1188.jpg,Bottle_Gourd
Bottle_Gourd/1189.jpg,Bottle_Gourd
Bottle_Gourd/1190.jpg,Bottle_Gourd
Bottle_Gourd/1191.jpg,Bottle_Gourd
Bottle_Gourd/1192.jpg,Bottle_Gourd
Bottle_Gourd/1193.jpg,Bottle_Gourd
Bottle_Gourd/1194.jpg,Bottle_Gourd
Bottle_Gourd/1195.jpg,Bottle_Gourd
Bottle_Gourd/1196.jpg,Bottle_Gourd
Bottle_Gourd/1197.jpg,Bottle_Gourd
Bottle_Gourd/1198.jpg,Bottle_Gourd
Bottle_Gourd/1199.jpg,Bottle_Gourd
Bottle_Gourd/1200.jpg,Bottle_Gourd
Brinjal/0871.jpg,Brinjal
Brinjal/0886.jpg,Brinjal
Brinjal/0911.jpg,Brinjal
Brinjal/0915.jpg,Brinjal
Brinjal/0916.jpg,Brinjal
Brinjal/0925.jpg,Brinjal
Brinjal/0944.jpg,Brinjal
Brinjal/0949.jpg,Brinjal
Brinjal/1001.jpg,Brinjal
Brinjal/1002.jpg,Brinjal
Brinjal/1003.jpg,Brinjal
Brinjal/1004.jpg,Brinjal
Brinjal/1005.jpg,Brinjal
Brinjal/1006.jpg,Brinjal
Brinjal/1007.jpg,Brinjal
Brinjal/1008.jpg,Brinjal
Brinjal/1009.jpg,Brinjal
Brinjal/1010.jpg,Brinjal
Brinjal/1011.jpg,Brinjal
Brinjal/1012.jpg,Brinjal
Brinjal/1013.jpg,Brinjal
Brinjal/1014.jpg,Brinjal
Brinjal/1015.jpg,Brinjal
Brinjal/1016.jpg,Brinjal
Brinjal/1017.jpg,Brinjal
Brinjal/1018.jpg,Brinjal
Brinjal/1019.jpg,Brinjal
Brinjal/1020.jpg,Brinjal
Brinjal/1021.jpg,Brinjal
Brinjal/1022.jpg,Brinjal
Brinjal/1023.jpg,Brinjal
Brinjal/1024.jpg,Brinjal
Brinjal/1025.jpg,Brinjal
Brinjal/1026.jpg,Brinjal
Brinjal/1027.jpg,Brinjal
Brinjal/1028.jpg,Brinjal
Brinjal/1029.jpg,Brinjal
Brinjal/1030.jpg,Brinjal
Brinjal/1031.jpg,Brinjal
Brinjal/1032.jpg,Brinjal
Brinjal/1033.jpg,Brinjal
Brinjal/1034.jpg,Brinjal
Brinjal/1035.jpg,Brinjal
Brinjal/1036.jpg,Brinjal
Brinjal/1037.jpg,Brinjal
Brinjal/1038.jpg,Brinjal
Brinjal/1039.jpg,Brinjal
Brinjal/1040.jpg,Brinjal
Brinjal/1041.jpg,Brinjal
Brinjal/1042.jpg,Brinjal
Brinjal/1043.jpg,Brinjal
Brinjal/1044.jpg,Brinjal
Brinjal/1045.jpg,Brinjal
Brinjal/1046.jpg,Brinjal
Brinjal/1047.jpg,Brinjal
Brinjal/1048.jpg,Brinjal
Brinjal/1049.jpg,Brinjal
Brinjal/1050.jpg,Brinjal
Brinjal/1051.jpg,Brinjal
Brinjal/1052.jpg,Brinjal
Brinjal/1053.jpg,Brinjal
Brinjal/1054.jpg,Brinjal
Brinjal/1055.jpg,Brinjal
Brinjal/1056.jpg,Brinjal
Brinjal/1057.jpg,Brinjal
Brinjal/1058.jpg,Brinjal
Brinjal/1059.jpg,Brinjal
Brinjal/1060.jpg,Brinjal
Brinjal/1061.jpg,Brinjal
Brinjal/1062.jpg,Brinjal
Brinjal/1063.jpg,Brinjal
Brinjal/1064.jpg,Brinjal
Brinjal/1065.jpg,Brinjal
Brinjal/1066.jpg,Brinjal
Brinjal/1067.jpg,Brinjal
Brinjal/1068.jpg,Brinjal
Brinjal/1069.jpg,Brinjal
Brinjal/1070.jpg,Brinjal
Brinjal/1071.jpg,Brinjal
Brinjal/1072.jpg,Brinjal
Brinjal/1073.jpg,Brinjal
Brinjal/1074.jpg,Brinjal
Brinjal/1075.jpg,Brinjal
Brinjal/1076.jpg,Brinjal
Brinjal/1077.jpg,Brinjal
Brinjal/1078.jpg,Brinjal
Brinjal/1079.jpg,Brinjal
Brinjal/1080.jpg,Brinjal
Brinjal/1081.jpg,Brinjal
Brinjal/1082.jpg,Brinjal
Brinjal/1083.jpg,Brinjal
Brinjal/1084.jpg,Brinjal
Brinjal/1085.jpg,Brinjal
Brinjal/1086.jpg,Brinjal
Brinjal/1087.jpg,Brinjal
Brinjal/1088.jpg,Brinjal
Brinjal/1089.jpg,Brinjal
Brinjal/1090.jpg,Brinjal
Brinjal/1091.jpg,Brinjal
Brinjal/1092.jpg,Brinjal
Brinjal/1093.jpg,Brinjal
Brinjal/1094.jpg,Brinjal
Brinjal/1095.jpg,Brinjal
Brinjal/1096.jpg,Brinjal
Brinjal/1097.jpg,Brinjal
Brinjal/1098.jpg,Brinjal
Brinjal/1099.jpg,Brinjal
Brinjal/1100.jpg,Brinjal
Brinjal/1101.jpg,Brinjal
Brinjal/1102.jpg,Brinjal
Brinjal/1103.jpg,Brinjal
Brinjal/1104.jpg,Brinjal
Brinjal/1105.jpg,Brinjal
Brinjal/1106.jpg,Brinjal
Brinjal/1107.jpg,Brinjal
Brinjal/1108.jpg,Brinjal
Brinjal/1109.jpg,Brinjal
Brinjal/1110.jpg,Brinjal
Brinjal/1111.jpg,Brinjal
Brinjal/1112.jpg,Brinjal
Brinjal/1113.jpg,Brinjal
Brinjal/1114.jpg,Brinjal
Brinjal/1116.jpg,Brinjal
Brinjal/1117.jpg,Brinjal
Brinjal/1118.jpg,Brinjal
Brinjal/1119.jpg,Brinjal
Brinjal/1120.jpg,Brinjal
Brinjal/1121.jpg,Brinjal
Brinjal/1122.jpg,Brinjal
Brinjal/1123.jpg,Brinjal
Brinjal/1124.jpg,Brinjal
Brinjal/1125.jpg,Brinjal
Brinjal/1126.jpg,Brinjal
Brinjal/1127.jpg,Brinjal
Brinjal/1128.jpg,Brinjal
Brinjal/1129.jpg,Brinjal
Brinjal/1130.jpg,Brinjal
Brinjal/1131.jpg,Brinjal
Brinjal/1132.jpg,Brinjal
Brinjal/1133.jpg,Brinjal
Brinjal/1134.jpg,Brinjal
Brinjal/1136.jpg,Brinjal
Brinjal/1137.jpg,Brinjal
Brinjal/1138.jpg,Brinjal
Brinjal/1139.jpg,Brinjal
Brinjal/1140.jpg,Brinjal
Brinjal/1142.jpg,Brinjal
Brinjal/1143.jpg,Brinjal
Brinjal/1144.jpg,Brinjal
Brinjal/1145.jpg,Brinjal
Brinjal/1146.jpg,Brinjal
Brinjal/1147.jpg,Brinjal
Brinjal/1148.jpg,Brinjal
Brinjal/1149.jpg,Brinjal
Brinjal/1150.jpg,Brinjal
Brinjal/1151.jpg,Brinjal
Brinjal/1152.jpg,Brinjal
Brinjal/1153.jpg,Brinjal
Brinjal/1154.jpg,Brinjal
Brinjal/1155.jpg,Brinjal
Brinjal/1156.jpg,Brinjal
Brinjal/1157.jpg,Brinjal
Brinjal/1158.jpg,Brinjal
Brinjal/1159.jpg,Brinjal
Brinjal/1160.jpg,Brinjal
Brinjal/1161.jpg,Brinjal
Brinjal/1162.jpg,Brinjal
Brinjal/1164.jpg,Brinjal
Brinjal/1165.jpg,Brinjal
Brinjal/1166.jpg,Brinjal
Brinjal/1167.jpg,Brinjal
Brinjal/1168.jpg,Brinjal
Brinjal/1169.jpg,Brinjal
Brinjal/1170.jpg,Brinjal
Brinjal/1171.jpg,Brinjal
Brinjal/1172.jpg,Brinjal
Brinjal/1173.jpg,Brinjal
Brinjal/1174.jpg,Brinjal
Brinjal/1175.jpg,Brinjal
Brinjal/1176.jpg,Brinjal
Brinjal/1177.jpg,Brinjal
Brinjal/1178.jpg,Brinjal
Brinjal/1179.jpg,Brinjal
Brinjal/1180.jpg,Brinjal
Brinjal/1181.jpg,Brinjal
Brinjal/1182.jpg,Brinjal
Brinjal/1183.jpg,Brinjal
Brinjal/1184.jpg,Brinjal
Brinjal/1185.jpg,Brinjal
Brinjal/1186.jpg,Brinjal
Brinjal/1187.jpg,Brinjal
Brinjal/1188.jpg,Brinjal
Brinjal/1189.jpg,Brinjal
Brinjal/1190.jpg,Brinjal
Brinjal/1191.jpg,Brinjal
Brinjal/1192.jpg,Brinjal
Brinjal/1193.jpg,Brinjal
Brinjal/1194.jpg,Brinjal
Brinjal/1196.jpg,Brinjal
Brinjal/1197.jpg,Brinjal
Broccoli/1001.jpg,Broccoli
Broccoli/1002.jpg,Broccoli
Broccoli/1003.jpg,Broccoli
Broccoli/1004.jpg,Broccoli
Broccoli/1005.jpg,Broccoli
Broccoli/1006.jpg,Broccoli
Broccoli/1007.jpg,Broccoli
Broccoli/1008.jpg,Broccoli
Broccoli/1009.jpg,Broccoli
Broccoli/1010.jpg,Broccoli
Broccoli/1011.jpg,Broccoli
Broccoli/1012.jpg,Broccoli
Broccoli/1013.jpg,Broccoli
Broccoli/1014.jpg,Broccoli
Broccoli/1015.jpg,Broccoli
Broccoli/1016.jpg,Broccoli
Broccoli/1017.jpg,Broccoli
Broccoli/1018.jpg,Broccoli
Broccoli/1019.jpg,Broccoli
Broccoli/1020.jpg,Broccoli
Broccoli/1021.jpg,Broccoli
Broccoli/1022.jpg,Broccoli
Broccoli/1023.jpg,Broccoli
Broccoli/1024.jpg,Broccoli
Broccoli/1025.jpg,Broccoli
Broccoli/1026.jpg,Broccoli
Broccoli/1027.jpg,Broccoli
Broccoli/1028.jpg,Broccoli
Broccoli/1029.jpg,Broccoli
Broccoli/1030.jpg,Broccoli
Broccoli/1031.jpg,Broccoli
Broccoli/1032.jpg,Broccoli
Broccoli/1033.jpg,Broccoli
Broccoli/1034.jpg,Broccoli
Broccoli/1035.jpg,Broccoli
Broccoli/1036.jpg,Broccoli
Broccoli/1037.jpg,Broccoli
Broccoli/1038.jpg,Broccoli
Broccoli/1039.jpg,Broccoli
Broccoli/1040.jpg,Broccoli
Broccoli/1041.jpg,Broccoli
Broccoli/1042.jpg,Broccoli
Broccoli/1043.jpg,Broccoli
Broccoli/1044.jpg,Broccoli
Broccoli/1045.jpg,Broccoli
Broccoli/1046.jpg,Broccoli
Broccoli/1047.jpg,Broccoli
Broccoli/1048.jpg,Broccoli
Broccoli/1049.jpg,Broccoli
Broccoli/1050.jpg,Broccoli
Broccoli/1051.jpg,Broccoli
Broccoli/1052.jpg,Broccoli
Broccoli/1053.jpg,Broccoli
Broccoli/1054.jpg,Broccoli
Broccoli/1055.jpg,Broccoli
Broccoli/1056.jpg,Broccoli
Broccoli/1057.jpg,Broccoli
Broccoli/1058.jpg,Broccoli
Broccoli/1059.jpg,Broccoli
Broccoli/1060.jpg,Broccoli
Broccoli/1061.jpg,Broccoli
Broccoli/1062.jpg,Broccoli
Broccoli/1063.jpg,Broccoli
Broccoli/1064.jpg,Broccoli
Broccoli/1065.jpg,Broccoli
Broccoli/1066.jpg,Broccoli
Broccoli/1067.jpg,Broccoli
Broccoli/1068.jpg,Broccoli
Broccoli/1069.jpg,Broccoli
Broccoli/1070.jpg,Broccoli
Broccoli/1071.jpg,Broccoli
Broccoli/1072.jpg,Broccoli
Broccoli/1073.jpg,Broccoli
Broccoli/1074.jpg,Broccoli
Broccoli/1075.jpg,Broccoli
Broccoli/1076.jpg,Broccoli
Broccoli/1077.jpg,Broccoli
Broccoli/1078.jpg,Broccoli
Broccoli/1079.jpg,Broccoli
Broccoli/1080.jpg,Broccoli
Broccoli/1081.jpg,Broccoli
Broccoli/1082.jpg,Broccoli
Broccoli/1083.jpg,Broccoli
Broccoli/1084.jpg,Broccoli
Broccoli/1085.jpg,Broccoli
Broccoli/1086.jpg,Broccoli
Broccoli/1087.jpg,Broccoli
Broccoli/1088.jpg,Broccoli
Broccoli/1089.jpg,Broccoli
Broccoli/1090.jpg,Broccoli
Broccoli/1091.jpg,Broccoli
Broccoli/1092.jpg,Broccoli
Broccoli/1093.jpg,Broccoli
Broccoli/1094.jpg,Broccoli
Broccoli/1095.jpg,Broccoli
Broccoli/1096.jpg,Broccoli
Broccoli/1097.jpg,Broccoli
Broccoli/1098.jpg,Broccoli
Broccoli/1099.jpg,Broccoli
Broccoli/1100.jpg,Broccoli
Broccoli/1101.jpg,Broccoli
Broccoli/1102.jpg,Broccoli
Broccoli/1103.jpg,Broccoli
Broccoli/1104.jpg,Broccoli
Broccoli/1105.jpg,Broccoli
Broccoli/1106.jpg,Broccoli
Broccoli/1107.jpg,Broccoli
Broccoli/1108.jpg,Broccoli
Broccoli/1109.jpg,Broccoli
Broccoli/1110.jpg,Broccoli
Broccoli/1111.jpg,Broccoli
Broccoli/1112.jpg,Broccoli
Broccoli/1113.jpg,Broccoli
Broccoli/1114.jpg,Broccoli
Broccoli/1115.jpg,Broccoli
Broccoli/1116.jpg,Broccoli
Broccoli/1117.jpg,Broccoli
Broccoli/1118.jpg,Broccoli
Broccoli/1119.jpg,Broccoli
Broccoli/1120.jpg,Broccoli
Broccoli/1121.jpg,Broccoli
Broccoli/1122.jpg,Broccoli
Broccoli/1123.jpg,Broccoli
Broccoli/1124.jpg,Broccoli
Broccoli/1125.jpg,Broccoli
Broccoli/1126.jpg,Broccoli
Broccoli/1127.jpg,Broccoli
Broccoli/1128.jpg,Broccoli
Broccoli/1129.jpg,Broccoli
Broccoli/1130.jpg,Broccoli
Broccoli/1131.jpg,Broccoli
Broccoli/1132.jpg,Broccoli
Broccoli/1133.jpg,Broccoli
Broccoli/1134.jpg,Broccoli
Broccoli/1135.jpg,Broccoli
Broccoli/1136.jpg,Broccoli
Broccoli/1137.jpg,Broccoli
Broccoli/1138.jpg,Broccoli
Broccoli/1139.jpg,Broccoli
Broccoli/1140.jpg,Broccoli
Broccoli/1141.jpg,Broccoli
Broccoli/1142.jpg,Broccoli
Broccoli/1143.jpg,Broccoli
Broccoli/1144.jpg,Broccoli
Broccoli/1145.jpg,Broccoli
Broccoli/1146.jpg,Broccoli
Broccoli/1147.jpg,Broccoli
Broccoli/1148.jpg,Broccoli
Broccoli/1149.jpg,Broccoli
Broccoli/1150.jpg,Broccoli
Broccoli/1151.jpg,Broccoli
Broccoli/1152.jpg,Broccoli
Broccoli/1153.jpg,Broccoli
Broccoli/1154.jpg,Broccoli
Broccoli/1155.jpg,Broccoli
Broccoli/1156.jpg,Broccoli
Broccoli/1157.jpg,Broccoli
Broccoli/1158.jpg,Broccoli
Broccoli/1159.jpg,Broccoli
Broccoli/1160.jpg,Broccoli
Broccoli/1161.jpg,Broccoli
Broccoli/1162.jpg,Broccoli
Broccoli/1163.jpg,Broccoli
Broccoli/1164.jpg,Broccoli
Broccoli/1165.jpg,Broccoli
Broccoli/1166.jpg,Broccoli
Broccoli/1167.jpg,Broccoli
Broccoli/1168.jpg,Broccoli
Broccoli/1169.jpg,Broccoli
Broccoli/1170.jpg,Broccoli
Broccoli/1171.jpg,Broccoli
Broccoli/1172.jpg,Broccoli
Broccoli/1173.jpg,Broccoli
Broccoli/1174.jpg,Broccoli
Broccoli/1175.jpg,Broccoli
Broccoli/1176.jpg,Broccoli
Broccoli/1177.jpg,Broccoli
Broccoli/1178.jpg,Broccoli
Broccoli/1179.jpg,Broccoli
Broccoli/1180.jpg,Broccoli
Broccoli/1181.jpg,Broccoli
Broccoli/1182.jpg,Broccoli
Broccoli/1183.jpg,Broccoli
Broccoli/1184.jpg,Broccoli
Broccoli/1185.jpg,Broccoli
Broccoli/1186.jpg,Broccoli
Broccoli/1187.jpg,Broccoli
Broccoli/1188.jpg,Broccoli
Broccoli/1189.jpg,Broccoli
Broccoli/1190.jpg,Broccoli
Broccoli/1191.jpg,Broccoli
Broccoli/1192.jpg,Broccoli
Broccoli/1193.jpg,Broccoli
Broccoli/1194.jpg,Broccoli
Broccoli/1195.jpg,Broccoli
Broccoli/1196.jpg,Broccoli
Broccoli/1197.jpg,Broccoli
Broccoli/1198.jpg,Broccoli
Broccoli/1199.jpg,Broccoli
Broccoli/1200.jpg,Broccoli
Cabbage/0929.jpg,Cabbage
Cabbage/0952.jpg,Cabbage
Cabbage/0957.jpg,Cabbage
Cabbage/0959.jpg,Cabbage
Cabbage/0979.jpg,Cabbage
Cabbage/0998.jpg,Cabbage
Cabbage/0999.jpg,Cabbage
Cabbage/1003.jpg,Cabbage
Cabbage/1004.jpg,Cabbage
Cabbage/1005.jpg,Cabbage
Cabbage/1006.jpg,Cabbage
Cabbage/1007.jpg,Cabbage
Cabbage/1008.jpg,Cabbage
Cabbage/1009.jpg,Cabbage
Cabbage/1010.jpg,Cabbage
Cabbage/1011.jpg,Cabbage
Cabbage/1012.jpg,Cabbage
Cabbage/1013.jpg,Cabbage
Cabbage/1014.jpg,Cabbage
Cabbage/1015.jpg,Cabbage
Cabbage/1016.jpg,Cabbage
Cabbage/1017.jpg,Cabbage
Cabbage/1018.jpg,Cabbage
Cabbage/1019.jpg,Cabbage
Cabbage/1020.jpg,Cabbage
Cabbage/1021.jpg,Cabbage
Cabbage/1022.jpg,Cabbage
Cabbage/1023.jpg,Cabbage
Cabbage/1024.jpg,Cabbage
Cabbage/1025.jpg,Cabbage
Cabbage/1026.jpg,Cabbage
Cabbage/1027.jpg,Cabbage
Cabbage/1028.jpg,Cabbage
Cabbage/1029.jpg,Cabbage
Cabbage/1030.jpg,Cabbage
Cabbage/1031.jpg,Cabbage
Cabbage/1032.jpg,Cabbage
Cabbage/1033.jpg,Cabbage
Cabbage/1034.jpg,Cabbage
Cabbage/1035.jpg,Cabbage
Cabbage/1036.jpg,Cabbage
Cabbage/1037.jpg,Cabbage
Cabbage/1038.jpg,Cabbage
Cabbage/1039.jpg,Cabbage
Cabbage/1040.jpg,Cabbage
Cabbage/1041.jpg,Cabbage
Cabbage/1042.jpg,Cabbage
Cabbage/1043.jpg,Cabbage
Cabbage/1044.jpg,Cabbage
Cabbage/1045.jpg,Cabbage
Cabbage/1046.jpg,Cabbage
Cabbage/1047.jpg,Cabbage
Cabbage/1048.jpg,Cabbage
Cabbage/1049.jpg,Cabbage
Cabbage/1050.jpg,Cabbage
Cabbage/1051.jpg,Cabbage
Cabbage/1052.jpg,Cabbage
Cabbage/1053.jpg,Cabbage
Cabbage/1054.jpg,Cabbage
Cabbage/1055.jpg,Cabbage
Cabbage/1056.jpg,Cabbage
Cabbage/1057.jpg,Cabbage
Cabbage/1058.jpg,Cabbage
Cabbage/1059.jpg,Cabbage
Cabbage/1060.jpg,Cabbage
Cabbage/1061.jpg,Cabbage
Cabbage/1062.jpg,Cabbage
Cabbage/1063.jpg,Cabbage
Cabbage/1064.jpg,Cabbage
Cabbage/1065.jpg,Cabbage
Cabbage/1066.jpg,Cabbage
Cabbage/1067.jpg,Cabbage
Cabbage/1068.jpg,Cabbage
Cabbage/1069.jpg,Cabbage
Cabbage/1070.jpg,Cabbage
Cabbage/1071.jpg,Cabbage
Cabbage/1072.jpg,Cabbage
Cabbage/1073.jpg,Cabbage
Cabbage/1074.jpg,Cabbage
Cabbage/1075.jpg,Cabbage
Cabbage/1076.jpg,Cabbage
Cabbage/1077.jpg,Cabbage
Cabbage/1078.jpg,Cabbage
Cabbage/1079.jpg,Cabbage
Cabbage/1080.jpg,Cabbage
Cabbage/1081.jpg,Cabbage
Cabbage/1082.jpg,Cabbage
Cabbage/1083.jpg,Cabbage
Cabbage/1084.jpg,Cabbage
Cabbage/1085.jpg,Cabbage
Cabbage/1086.jpg,Cabbage
Cabbage/1087.jpg,Cabbage
Cabbage/1088.jpg,Cabbage
Cabbage/1089.jpg,Cabbage
Cabbage/1090.jpg,Cabbage
Cabbage/1091.jpg,Cabbage
Cabbage/1092.jpg,Cabbage
Cabbage/1093.jpg,Cabbage
Cabbage/1094.jpg,Cabbage
Cabbage/1095.jpg,Cabbage
Cabbage/1096.jpg,Cabbage
Cabbage/1098.jpg,Cabbage
Cabbage/1099.jpg,Cabbage
Cabbage/1100.jpg,Cabbage
Cabbage/1101.jpg,Cabbage
Cabbage/1102.jpg,Cabbage
Cabbage/1103.jpg,Cabbage
Cabbage/1104.jpg,Cabbage
Cabbage/1105.jpg,Cabbage
Cabbage/1106.jpg,Cabbage
Cabbage/1107.jpg,Cabbage
Cabbage/1108.jpg,Cabbage
Cabbage/1109.jpg,Cabbage
Cabbage/1110.jpg,Cabbage
Cabbage/1111.jpg,Cabbage
Cabbage/1112.jpg,Cabbage
Cabbage/1113.jpg,Cabbage
Cabbage/1114.jpg,Cabbage
Cabbage/1115.jpg,Cabbage
Cabbage/1116.jpg,Cabbage
Cabbage/1117.jpg,Cabbage
Cabbage/1118.jpg,Cabbage
Cabbage/1119.jpg,Cabbage
Cabbage/1120.jpg,Cabbage
Cabbage/1121.jpg,Cabbage
Cabbage/1122.jpg,Cabbage
Cabbage/1123.jpg,Cabbage
Cabbage/1124.jpg,Cabbage
Cabbage/1125.jpg,Cabbage
Cabbage/1126.jpg,Cabbage
Cabbage/1127.jpg,Cabbage
Cabbage/1128.jpg,Cabbage
Cabbage/1129.jpg,Cabbage
Cabbage/1130.jpg,Cabbage
Cabbage/1131.jpg,Cabbage
Cabbage/1132.jpg,Cabbage
Cabbage/1133.jpg,Cabbage
Cabbage/1134.jpg,Cabbage
Cabbage/1135.jpg,Cabbage
Cabbage/1136.jpg,Cabbage
Cabbage/1137.jpg,Cabbage
Cabbage/1138.jpg,Cabbage
Cabbage/1139.jpg,Cabbage
Cabbage/1140.jpg,Cabbage
Cabbage/1141.jpg,Cabbage
Cabbage/1142.jpg,Cabbage
Cabbage/1143.jpg,Cabbage
Cabbage/1144.jpg,Cabbage
Cabbage/1145.jpg,Cabbage
Cabbage/1146.jpg,Cabbage
Cabbage/1147.jpg,Cabbage
Cabbage/1148.jpg,Cabbage
Cabbage/1149.jpg,Cabbage
Cabbage/1150.jpg,Cabbage
Cabbage/1151.jpg,Cabbage
Cabbage/1152.jpg,Cabbage
Cabbage/1153.jpg,Cabbage
Cabbage/1154.jpg,Cabbage
Cabbage/1155.jpg,Cabbage
Cabbage/1156.jpg,Cabbage
Cabbage/1157.jpg,Cabbage
Cabbage/1158.jpg,Cabbage
Cabbage/1159.jpg,Cabbage
Cabbage/1160.jpg,Cabbage
Cabbage/1161.jpg,Cabbage
Cabbage/1162.jpg,Cabbage
Cabbage/1163.jpg,Cabbage
Cabbage/1164.jpg,Cabbage
Cabbage/1165.jpg,Cabbage
Cabbage/1166.jpg,Cabbage
Cabbage/1167.jpg,Cabbage
Cabbage/1168.jpg,Cabbage
Cabbage/1169.jpg,Cabbage
Cabbage/1170.jpg,Cabbage
Cabbage/1171.jpg,Cabbage
Cabbage/1172.jpg,Cabbage
Cabbage/1173.jpg,Cabbage
Cabbage/1174.jpg,Cabbage
Cabbage/1175.jpg,Cabbage
Cabbage/1176.jpg,Cabbage
Cabbage/1177.jpg,Cabbage
Cabbage/1178.jpg,Cabbage
Cabbage/1179.jpg,Cabbage
Cabbage/1180.jpg,Cabbage
Cabbage/1181.jpg,Cabbage
Cabbage/1182.jpg,Cabbage
Cabbage/1183.jpg,Cabbage
Cabbage/1184.jpg,Cabbage
Cabbage/1185.jpg,Cabbage
Cabbage/1186.jpg,Cabbage
Cabbage/1187.jpg,Cabbage
Cabbage/1188.jpg,Cabbage
Cabbage/1189.jpg,Cabbage
Cabbage/1190.jpg,Cabbage
Cabbage/1191.jpg,Cabbage
Cabbage/1192.jpg,Cabbage
Cabbage/1193.jpg,Cabbage
Cabbage/1194.jpg,Cabbage
Cabbage/1195.jpg,Cabbage
Cabbage/1196.jpg,Cabbage
Capsicum/1001.jpg,Capsicum
Capsicum/1002.jpg,Capsicum
Capsicum/1003.jpg,Capsicum
Capsicum/1004.jpg,Capsicum
Capsicum/1005.jpg,Capsicum
Capsicum/1006.jpg,Capsicum
Capsicum/1007.jpg,Capsicum
Capsicum/1008.jpg,Capsicum
Capsicum/1009.jpg,Capsicum
Capsicum/1010.jpg,Capsicum
Capsicum/1011.jpg,Capsicum
Capsicum/1012.jpg,Capsicum
Capsicum/1013.jpg,Capsicum
Capsicum/1014.jpg,Capsicum
Capsicum/1015.jpg,Capsicum
Capsicum/1016.jpg,Capsicum
Capsicum/1017.jpg,Capsicum
Capsicum/1018.jpg,Capsicum
Capsicum/1019.jpg,Capsicum
Capsicum/1020.jpg,Capsicum
Capsicum/1021.jpg,Capsicum
Capsicum/1022.jpg,Capsicum
Capsicum/1023.jpg,Capsicum
Capsicum/1024.jpg,Capsicum
Capsicum/1025.jpg,Capsicum
Capsicum/1026.jpg,Capsicum
Capsicum/1027.jpg,Capsicum
Capsicum/1028.jpg,Capsicum
Capsicum/1029.jpg,Capsicum
Capsicum/1030.jpg,Capsicum
Capsicum/1031.jpg,Capsicum
Capsicum/1032.jpg,Capsicum
Capsicum/1033.jpg,Capsicum
Capsicum/1034.jpg,Capsicum
Capsicum/1035.jpg,Capsicum
Capsicum/1036.jpg,Capsicum
Capsicum/1037.jpg,Capsicum
Capsicum/1038.jpg,Capsicum
Capsicum/1039.jpg,Capsicum
Capsicum/1040.jpg,Capsicum
Capsicum/1041.jpg,Capsicum
Capsicum/1042.jpg,Capsicum
Capsicum/1043.jpg,Capsicum
Capsicum/1044.jpg,Capsicum
Capsicum/1045.jpg,Capsicum
Capsicum/1046.jpg,Capsicum
Capsicum/1047.jpg,Capsicum
Capsicum/1048.jpg,Capsicum
Capsicum/1049.jpg,Capsicum
Capsicum/1050.jpg,Capsicum
Capsicum/1051.jpg,Capsicum
Capsicum/1052.jpg,Capsicum
Capsicum/1053.jpg,Capsicum
Capsicum/1054.jpg,Capsicum
Capsicum/1055.jpg,Capsicum
Capsicum/1056.jpg,Capsicum
Capsicum/1057.jpg,Capsicum
Capsicum/1058.jpg,Capsicum
Capsicum/1059.jpg,Capsicum
Capsicum/1060.jpg,Capsicum
Capsicum/1061.jpg,Capsicum
Capsicum/1062.jpg,Capsicum
Capsicum/1063.jpg,Capsicum
Capsicum/1064.jpg,Capsicum
Capsicum/1065.jpg,Capsicum
Capsicum/1066.jpg,Capsicum
Capsicum/1067.jpg,Capsicum
Capsicum/1068.jpg,Capsicum
Capsicum/1069.jpg,Capsicum
Capsicum/1070.jpg,Capsicum
Capsicum/1071.jpg,Capsicum
Capsicum/1072.jpg,Capsicum
Capsicum/1073.jpg,Capsicum
Capsicum/1074.jpg,Capsicum
Capsicum/1075.jpg,Capsicum
Capsicum/1076.jpg,Capsicum
Capsicum/1077.jpg,Capsicum
Capsicum/1078.jpg,Capsicum
Capsicum/1079.jpg,Capsicum
Capsicum/1080.jpg,Capsicum
Capsicum/1081.jpg,Capsicum
Capsicum/1082.jpg,Capsicum
Capsicum/1083.jpg,Capsicum
Capsicum/1084.jpg,Capsicum
Capsicum/1085.jpg,Capsicum
Capsicum/1086.jpg,Capsicum
Capsicum/1087.jpg,Capsicum
Capsicum/1088.jpg,Capsicum
Capsicum/1089.jpg,Capsicum
Capsicum/1090.jpg,Capsicum
Capsicum/1091.jpg,Capsicum
Capsicum/1092.jpg,Capsicum
Capsicum/1093.jpg,Capsicum
Capsicum/1094.jpg,Capsicum
Capsicum/1095.jpg,Capsicum
Capsicum/1096.jpg,Capsicum
Capsicum/1097.jpg,Capsicum
Capsicum/1098.jpg,Capsicum
Capsicum/1099.jpg,Capsicum
Capsicum/1100.jpg,Capsicum
Capsicum/1101.jpg,Capsicum
Capsicum/1102.jpg,Capsicum
Capsicum/1103.jpg,Capsicum
Capsicum/1104.jpg,Capsicum
Capsicum/1105.jpg,Capsicum
Capsicum/1106.jpg,Capsicum
Capsicum/1107.jpg,Capsicum
Capsicum/1108.jpg,Capsicum
Capsicum/1109.jpg,Capsicum
Capsicum/1110.jpg,Capsicum
Capsicum/1111.jpg,Capsicum
Capsicum/1112.jpg,Capsicum
Capsicum/1113.jpg,Capsicum
Capsicum/1114.jpg,Capsicum
Capsicum/1115.jpg,Capsicum
Capsicum/1116.jpg,Capsicum
Capsicum/1117.jpg,Capsicum
Capsicum/1118.jpg,Capsicum
Capsicum/1119.jpg,Capsicum
Capsicum/1120.jpg,Capsicum
Capsicum/1121.jpg,Capsicum
Capsicum/1122.jpg,Capsicum
Capsicum/1123.jpg,Capsicum
Capsicum/1124.jpg,Capsicum
Capsicum/1125.jpg,Capsicum
Capsicum/1126.jpg,Capsicum
Capsicum/1127.jpg,Capsicum
Capsicum/1128.jpg,Capsicum
Capsicum/1129.jpg,Capsicum
Capsicum/1130.jpg,Capsicum
Capsicum/1131.jpg,Capsicum
Capsicum/1132.jpg,Capsicum
Capsicum/1133.jpg,Capsicum
Capsicum/1134.jpg,Capsicum
Capsicum/1135.jpg,Capsicum
Capsicum/1136.jpg,Capsicum
Capsicum/1137.jpg,Capsicum
Capsicum/1138.jpg,Capsicum
Capsicum/1139.jpg,Capsicum
Capsicum/1140.jpg,Capsicum
Capsicum/1141.jpg,Capsicum
Capsicum/1142.jpg,Capsicum
Capsicum/1143.jpg,Capsicum
Capsicum/1144.jpg,Capsicum
Capsicum/1145.jpg,Capsicum
Capsicum/1146.jpg,Capsicum
Capsicum/1147.jpg,Capsicum
Capsicum/1148.jpg,Capsicum
Capsicum/1149.jpg,Capsicum
Capsicum/1150.jpg,Capsicum
Capsicum/1151.jpg,Capsicum
Capsicum/1152.jpg,Capsicum
Capsicum/1153.jpg,Capsicum
Capsicum/1154.jpg,Capsicum
Capsicum/1155.jpg,Capsicum
Capsicum/1156.jpg,Capsicum
Capsicum/1157.jpg,Capsicum
Capsicum/1158.jpg,Capsicum
Capsicum/1159.jpg,Capsicum
Capsicum/1160.jpg,Capsicum
Capsicum/1161.jpg,Capsicum
Capsicum/1162.jpg,Capsicum
Capsicum/1163.jpg,Capsicum
Capsicum/1164.jpg,Capsicum
Capsicum/1165.jpg,Capsicum
Capsicum/1166.jpg,Capsicum
Capsicum/1167.jpg,Capsicum
Capsicum/1168.jpg,Capsicum
Capsicum/1169.jpg,Capsicum
Capsicum/1170.jpg,Capsicum
Capsicum/1171.jpg,Capsicum
Capsicum/1172.jpg,Capsicum
Capsicum/1173.jpg,Capsicum
Capsicum/1174.jpg,Capsicum
Capsicum/1175.jpg,Capsicum
Capsicum/1176.jpg,Capsicum
Capsicum/1177.jpg,Capsicum
Capsicum/1178.jpg,Capsicum
Capsicum/1179.jpg,Capsicum
Capsicum/1180.jpg,Capsicum
Capsicum/1181.jpg,Capsicum
Capsicum/1182.jpg,Capsicum
Capsicum/1183.jpg,Capsicum
Capsicum/1184.jpg,Capsicum
Capsicum/1185.jpg,Capsicum
Capsicum/1186.jpg,Capsicum
Capsicum/1187.jpg,Capsicum
Capsicum/1188.jpg,Capsicum
Capsicum/1189.jpg,Capsicum
Capsicum/1190.jpg,Capsicum
Capsicum/1191.jpg,Capsicum
Capsicum/1192.jpg,Capsicum
Capsicum/1193.jpg,Capsicum
Capsicum/1194.jpg,Capsicum
Capsicum/1195.jpg,Capsicum
Capsicum/1196.jpg,Capsicum
Capsicum/1197.jpg,Capsicum
Capsicum/1198.jpg,Capsicum
Capsicum/1199.jpg,Capsicum
Capsicum/1200.jpg,Capsicum
Carrot/1001.jpg,Carrot
Carrot/1002.jpg,Carrot
Carrot/1003.jpg,Carrot
Carrot/1004.jpg,Carrot
Carrot/1005.jpg,Carrot
Carrot/1006.jpg,Carrot
Carrot/1007.jpg,Carrot
Carrot/1008.jpg,Carrot
Carrot/1009.jpg,Carrot
Carrot/1010.jpg,Carrot
Carrot/1011.jpg,Carrot
Carrot/1012.jpg,Carrot
Carrot/1013.jpg,Carrot
Carrot/1014.jpg,Carrot
Carrot/1015.jpg,Carrot
Carrot/1016.jpg,Carrot
Carrot/1017.jpg,Carrot
Carrot/1018.jpg,Carrot
Carrot/1019.jpg,Carrot
Carrot/1020.jpg,Carrot
Carrot/1021.jpg,Carrot
Carrot/1022.jpg,Carrot
Carrot/1023.jpg,Carrot
Carrot/1024.jpg,Carrot
Carrot/1025.jpg,Carrot
Carrot/1026.jpg,Carrot
Carrot/1027.jpg,Carrot
Carrot/1028.jpg,Carrot
Carrot/1029.jpg,Carrot
Carrot/1030.jpg,Carrot
Carrot/1031.jpg,Carrot
Carrot/1032.jpg,Carrot
Carrot/1033.jpg,Carrot
Carrot/1034.jpg,Carrot
Carrot/1035.jpg,Carrot
Carrot/1036.jpg,Carrot
Carrot/1037.jpg,Carrot
Carrot/1038.jpg,Carrot
Carrot/1039.jpg,Carrot
Carrot/1040.jpg,Carrot
Carrot/1041.jpg,Carrot
Carrot/1042.jpg,Carrot
Carrot/1043.jpg,Carrot
Carrot/1044.jpg,Carrot
Carrot/1045.jpg,Carrot
Carrot/1046.jpg,Carrot
Carrot/1047.jpg,Carrot
Carrot/1048.jpg,Carrot
Carrot/1049.jpg,Carrot
Carrot/1050.jpg,Carrot
Carrot/1051.jpg,Carrot
Carrot/1052.jpg,Carrot
Carrot/1053.jpg,Carrot
Carrot/1054.jpg,Carrot
Carrot/1055.jpg,Carrot
Carrot/1056.jpg,Carrot
Carrot/1057.jpg,Carrot
Carrot/1058.jpg,Carrot
Carrot/1059.jpg,Carrot
Carrot/1060.jpg,Carrot
Carrot/1061.jpg,Carrot
Carrot/1062.jpg,Carrot
Carrot/1063.jpg,Carrot
Carrot/1064.jpg,Carrot
Carrot/1065.jpg,Carrot
Carrot/1066.jpg,Carrot
Carrot/1067.jpg,Carrot
Carrot/1068.jpg,Carrot
Carrot/1069.jpg,Carrot
Carrot/1070.jpg,Carrot
Carrot/1071.jpg,Carrot
Carrot/1072.jpg,Carrot
Carrot/1073.jpg,Carrot
Carrot/1074.jpg,Carrot
Carrot/1075.jpg,Carrot
Carrot/1076.jpg,Carrot
Carrot/1077.jpg,Carrot
Carrot/1078.jpg,Carrot
Carrot/1079.jpg,Carrot
Carrot/1080.jpg,Carrot
Carrot/1081.jpg,Carrot
Carrot/1082.jpg,Carrot
Carrot/1083.jpg,Carrot
Carrot/1084.jpg,Carrot
Carrot/1085.jpg,Carrot
Carrot/1086.jpg,Carrot
Carrot/1087.jpg,Carrot
Carrot/1088.jpg,Carrot
Carrot/1089.jpg,Carrot
Carrot/1090.jpg,Carrot
Carrot/1091.jpg,Carrot
Carrot/1092.jpg,Carrot
Carrot/1093.jpg,Carrot
Carrot/1094.jpg,Carrot
Carrot/1095.jpg,Carrot
Carrot/1096.jpg,Carrot
Carrot/1097.jpg,Carrot
Carrot/1098.jpg,Carrot
Carrot/1099.jpg,Carrot
Carrot/1100.jpg,Carrot
Carrot/1101.jpg,Carrot
Carrot/1102.jpg,Carrot
Carrot/1103.jpg,Carrot
Carrot/1104.jpg,Carrot
Carrot/1105.jpg,Carrot
Carrot/1106.jpg,Carrot
Carrot/1107.jpg,Carrot
Carrot/1108.jpg,Carrot
Carrot/1109.jpg,Carrot
Carrot/1110.jpg,Carrot
Carrot/1111.jpg,Carrot
Carrot/1112.jpg,Carrot
Carrot/1113.jpg,Carrot
Carrot/1114.jpg,Carrot
Carrot/1115.jpg,Carrot
Carrot/1116.jpg,Carrot
Carrot/1117.jpg,Carrot
Carrot/1118.jpg,Carrot
Carrot/1119.jpg,Carrot
Carrot/1120.jpg,Carrot
Carrot/1121.jpg,Carrot
Carrot/1122.jpg,Carrot
Carrot/1123.jpg,Carrot
Carrot/1124.jpg,Carrot
Carrot/1125.jpg,Carrot
Carrot/1126.jpg,Carrot
Carrot/1127.jpg,Carrot
Carrot/1128.jpg,Carrot
Carrot/1129.jpg,Carrot
Carrot/1130.jpg,Carrot
Carrot/1131.jpg,Carrot
Carrot/1132.jpg,Carrot
Carrot/1133.jpg,Carrot
Carrot/1134.jpg,Carrot
Carrot/1135.jpg,Carrot
Carrot/1136.jpg,Carrot
Carrot/1137.jpg,Carrot
Carrot/1138.jpg,Carrot
Carrot/1139.jpg,Carrot
Carrot/1140.jpg,Potato
Carrot/1141.jpg,Carrot
Carrot/1142.jpg,Carrot
Carrot/1143.jpg,Carrot
Carrot/1144.jpg,Carrot
Carrot/1145.jpg,Carrot
Carrot/1146.jpg,Carrot
Carrot/1147.jpg,Carrot
Carrot/1148.jpg,Carrot
Carrot/1149.jpg,Carrot
Carrot/1150.jpg,Carrot
Carrot/1151.jpg,Carrot
Carrot/1152.jpg,Carrot
Carrot/1153.jpg,Carrot
Carrot/1154.jpg,Carrot
Carrot/1155.jpg,Carrot
Carrot/1156.jpg,Carrot
Carrot/1157.jpg,Carrot
Carrot/1158.jpg,Carrot
Carrot/1159.jpg,Carrot
Carrot/1160.jpg,Carrot
Carrot/1161.jpg,Carrot
Carrot/1162.jpg,Carrot
Carrot/1163.jpg,Carrot
Carrot/1164.jpg,Carrot
Carrot/1165.jpg,Carrot
Carrot/1166.jpg,Carrot
Carrot/1167.jpg,Carrot
Carrot/1168.jpg,Carrot
Carrot/1169.jpg,Carrot
Carrot/1170.jpg,Carrot
Carrot/1171.jpg,Carrot
Carrot/1172.jpg,Carrot
Carrot/1173.jpg,Carrot
Carrot/1174.jpg,Carrot
Carrot/1175.jpg,Carrot
Carrot/1176.jpg,Carrot
Carrot/1177.jpg,Carrot
Carrot/1178.jpg,Carrot
Carrot/1179.jpg,Carrot
Carrot/1180.jpg,Carrot
Carrot/1181.jpg,Carrot
Carrot/1182.jpg,Carrot
Carrot/1183.jpg,Carrot
Carrot/1184.jpg,Carrot
Carrot/1185.jpg,Carrot
Carrot/1186.jpg,Carrot
Carrot/1187.jpg,Carrot
Carrot/1188.jpg,Carrot
Carrot/1189.jpg,Carrot
Carrot/1190.jpg,Carrot
Carrot/1191.jpg,Carrot
Carrot/1192.jpg,Carrot
Carrot/1193.jpg,Carrot
Carrot/1194.jpg,Carrot
Carrot/1195.jpg,Carrot
Carrot/1196.jpg,Carrot
Carrot/1197.jpg,Carrot
Carrot/1198.jpg,Carrot
Carrot/1199.jpg,Carrot
Carrot/1200.jpg,Carrot
Cauliflower/1048.jpg,Cauliflower
Cauliflower/1049.jpg,Cauliflower
Cauliflower/1050.jpg,Cauliflower
Cauliflower/1051.jpg,Cauliflower
Cauliflower/1052.jpg,Cauliflower
Cauliflower/1053.jpg,Cauliflower
Cauliflower/1054.jpg,Cauliflower
Cauliflower/1055.jpg,Cauliflower
Cauliflower/1056.jpg,Cauliflower
Cauliflower/1057.jpg,Cauliflower
Cauliflower/1058.jpg,Cauliflower
Cauliflower/1059.jpg,Cauliflower
Cauliflower/1060.jpg,Cauliflower
Cauliflower/1061.jpg,Cauliflower
Cauliflower/1062.jpg,Cauliflower
Cauliflower/1063.jpg,Cauliflower
Cauliflower/1064.jpg,Cauliflower
Cauliflower/1065.jpg,Cauliflower
Cauliflower/1066.jpg,Cauliflower
Cauliflower/1067.jpg,Cauliflower
Cauliflower/1068.jpg,Cauliflower
Cauliflower/1069.jpg,Cauliflower
Cauliflower/1070.jpg,Cauliflower
Cauliflower/1071.jpg,Cauliflower
Cauliflower/1072.jpg,Cauliflower
Cauliflower/1073.jpg,Cauliflower
Cauliflower/1074.jpg,Cauliflower
Cauliflower/1075.jpg,Cauliflower
Cauliflower/1076.jpg,Cauliflower
Cauliflower/1077.jpg,Cauliflower
Cauliflower/1078.jpg,Cauliflower
Cauliflower/1079.jpg,Cauliflower
Cauliflower/1080.jpg,Cauliflower
Cauliflower/1081.jpg,Cauliflower
Cauliflower/1082.jpg,Cauliflower
Cauliflower/1083.jpg,Cauliflower
Cauliflower/1084.jpg,Cauliflower
Cauliflower/1085.jpg,Cauliflower
Cauliflower/1086.jpg,Cauliflower
Cauliflower/1087.jpg,Cauliflower
Cauliflower/1088.jpg,Cauliflower
Cauliflower/1089.jpg,Cauliflower
Cauliflower/1090.jpg,Cauliflower
Cauliflower/1091.jpg,Cauliflower
Cauliflower/1092.jpg,Cauliflower
Cauliflower/1093.jpg,Cauliflower
Cauliflower/1094.jpg,Cauliflower
Cauliflower/1095.jpg,Cauliflower
Cauliflower/1097.jpg,Cauliflower
Cauliflower/1098.jpg,Cauliflower
Cauliflower/1099.jpg,Cauliflower
Cauliflower/1100.jpg,Cauliflower
Cauliflower/1101.jpg,Cauliflower
Cauliflower/1102.jpg,Cauliflower
Cauliflower/1103.jpg,Cauliflower
Cauliflower/1104.jpg,Cauliflower
Cauliflower/1105.jpg,Cauliflower
Cauliflower/1106.jpg,Cauliflower
Cauliflower/1107.jpg,Cauliflower
Cauliflower/1108.jpg,Cauliflower
Cauliflower/1109.jpg,Cauliflower
Cauliflower/1110.jpg,Cauliflower
Cauliflower/1111.jpg,Cauliflower
Cauliflower/1112.jpg,Cauliflower
Cauliflower/1113.jpg,Cauliflower
Cauliflower/1114.jpg,Cauliflower
Cauliflower/1115.jpg,Cauliflower
Cauliflower/1116.jpg,Cauliflower
Cauliflower/1117.jpg,Cauliflower
Cauliflower/1118.jpg,Cauliflower
Cauliflower/1119.jpg,Cauliflower
Cauliflower/1120.jpg,Cauliflower
Cauliflower/1121.jpg,Cauliflower
Cauliflower/1122.jpg,Cauliflower
Cauliflower/1123.jpg,Cauliflower
Cauliflower/1124.jpg,Cauliflower
Cauliflower/1125.jpg,Cauliflower
Cauliflower/1126.jpg,Cauliflower
Cauliflower/1127.jpg,Cauliflower
Cauliflower/1128.jpg,Cauliflower
Cauliflower/1129.jpg,Cauliflower
Cauliflower/1130.jpg,Cauliflower
Cauliflower/1131.jpg,Cauliflower
Cauliflower/1132.jpg,Cauliflower
Cauliflower/1133.jpg,Cauliflower
Cauliflower/1134.jpg,Cauliflower
Cauliflower/1135.jpg,Cauliflower
Cauliflower/1136.jpg,Cauliflower
Cauliflower/1137.jpg,Cauliflower
Cauliflower/1138.jpg,Cauliflower
Cauliflower/1139.jpg,Cauliflower
Cauliflower/1140.jpg,Cauliflower
Cauliflower/1141.jpg,Cauliflower
Cauliflower/1142.jpg,Cauliflower
Cauliflower/1143.jpg,Cauliflower
Cauliflower/1144.jpg,Cauliflower
Cauliflower/1145.jpg,Cauliflower
Cauliflower/1146.jpg,Cauliflower
Cauliflower/1147.jpg,Cauliflower
Cauliflower/1148.jpg,Cauliflower
Cauliflower/1149.jpg,Cauliflower
Cauliflower/1150.jpg,Cauliflower
Cauliflower/1151.jpg,Cauliflower
Cauliflower/1152.jpg,Cauliflower
Cauliflower/1153.jpg,Cauliflower
Cauliflower/1154.jpg,Cauliflower
Cauliflower/1155.jpg,Cauliflower
Cauliflower/1156.jpg,Cauliflower
Cauliflower/1157.jpg,Cauliflower
Cauliflower/1158.jpg,Cauliflower
Cauliflower/1159.jpg,Cauliflower
Cauliflower/1160.jpg,Cauliflower
Cauliflower/1161.jpg,Cauliflower
Cauliflower/1162.jpg,Cauliflower
Cauliflower/1163.jpg,Cauliflower
Cauliflower/1164.jpg,Cauliflower
Cauliflower/1165.jpg,Cauliflower
Cauliflower/1166.jpg,Cauliflower
Cauliflower/1167.jpg,Cauliflower
Cauliflower/1168.jpg,Cauliflower
Cauliflower/1169.jpg,Cauliflower
Cauliflower/1170.jpg,Cauliflower
Cauliflower/1172.jpg,Cauliflower
Cauliflower/1173.jpg,Cauliflower
Cauliflower/1174.jpg,Cauliflower
Cauliflower/1175.jpg,Cauliflower
Cauliflower/1176.jpg,Cauliflower
Cauliflower/1177.jpg,Cauliflower
Cauliflower/1178.jpg,Cauliflower
Cauliflower/1179.jpg,Cauliflower
Cauliflower/1180.jpg,Cauliflower
Cauliflower/1181.jpg,Cauliflower
Cauliflower/1182.jpg,Cauliflower
Cauliflower/1183.jpg,Cauliflower
Cauliflower/1184.jpg,Cabbage
Cauliflower/1185.jpg,Cauliflower
Cauliflower/1186.jpg,Cauliflower
Cauliflower/1187.jpg,Cauliflower
Cauliflower/1188.jpg,Cauliflower
Cauliflower/1189.jpg,Cauliflower
Cauliflower/1190.jpg,Cauliflower
Cauliflower/1191.jpg,Cauliflower
Cauliflower/1193.jpg,Cauliflower
Cauliflower/1194.jpg,Cauliflower
Cauliflower/1195.jpg,Cauliflower
Cauliflower/1196.jpg,Cauliflower
Cauliflower/1197.jpg,Cauliflower
Cauliflower/1198.jpg,Cauliflower
Cauliflower/1199.jpg,Cauliflower
Cauliflower/1200.jpg,Cauliflower
Cauliflower/1201.jpg,Cauliflower
Cauliflower/1202.jpg,Cauliflower
Cauliflower/1203.jpg,Cauliflower
Cauliflower/1205.jpg,Cauliflower
Cauliflower/1206.jpg,Cauliflower
Cauliflower/1207.jpg,Cauliflower
Cauliflower/1208.jpg,Cauliflower
Cauliflower/1209.jpg,Cauliflower
Cauliflower/1210.jpg,Cauliflower
Cauliflower/1211.jpg,Cauliflower
Cauliflower/1213.jpg,Cauliflower
Cauliflower/1214.jpg,Cauliflower
Cauliflower/1215.jpg,Cauliflower
Cauliflower/1216.jpg,Cauliflower
Cauliflower/1217.jpg,Cauliflower
Cauliflower/1218.jpg,Cauliflower
Cauliflower/1219.jpg,Cauliflower
Cauliflower/1220.jpg,Cauliflower
Cauliflower/1221.jpg,Cauliflower
Cauliflower/1223.jpg,Cauliflower
Cauliflower/1224.jpg,Cauliflower
Cauliflower/1225.jpg,Cauliflower
Cauliflower/1226.jpg,Cauliflower
Cauliflower/1227.jpg,Cauliflower
Cauliflower/1228.jpg,Cauliflower
Cauliflower/1229.jpg,Cauliflower
Cauliflower/1230.jpg,Cauliflower
Cauliflower/1231.jpg,Cauliflower
Cauliflower/1232.jpg,Cauliflower
Cauliflower/1233.jpg,Cauliflower
Cauliflower/1234.jpg,Cauliflower
Cauliflower/1235.jpg,Cauliflower
Cauliflower/1236.jpg,Cauliflower
Cauliflower/1237.jpg,Cauliflower
Cauliflower/1238.jpg,Cauliflower
Cauliflower/1239.jpg,Cauliflower
Cauliflower/1240.jpg,Cauliflower
Cauliflower/1241.jpg,Cauliflower
Cauliflower/1242.jpg,Cauliflower
Cauliflower/1243.jpg,Cauliflower
Cauliflower/1244.jpg,Cauliflower
Cauliflower/1245.jpg,Cauliflower
Cauliflower/1246.jpg,Cauliflower
Cauliflower/1247.jpg,Cauliflower
Cauliflower/1248.jpg,Cauliflower
Cauliflower/1249.jpg,Cauliflower
Cauliflower/1250.jpg,Cauliflower
Cauliflower/1251.jpg,Cauliflower
Cauliflower/1252.jpg,Cauliflower
Cauliflower/1253.jpg,Cauliflower
Cucumber/1001.jpg,Cucumber
Cucumber/1002.jpg,Cucumber
Cucumber/1003.jpg,Cucumber
Cucumber/1004.jpg,Cucumber
Cucumber/1005.jpg,Cucumber
Cucumber/1006.jpg,Cucumber
Cucumber/1007.jpg,Cucumber
Cucumber/1008.jpg,Cucumber
Cucumber/1009.jpg,Cucumber
Cucumber/1010.jpg,Cucumber
Cucumber/1011.jpg,Cucumber
Cucumber/1012.jpg,Cucumber
Cucumber/1013.jpg,Cucumber
Cucumber/1014.jpg,Cucumber
Cucumber/1015.jpg,Cucumber
Cucumber/1016.jpg,Cucumber
Cucumber/1017.jpg,Cucumber
Cucumber/1018.jpg,Cucumber
Cucumber/1019.jpg,Cucumber
Cucumber/1020.jpg,Cucumber
Cucumber/1021.jpg,Cucumber
Cucumber/1022.jpg,Cucumber
Cucumber/1023.jpg,Cucumber
Cucumber/1024.jpg,Cucumber
Cucumber/1025.jpg,Cucumber
Cucumber/1026.jpg,Cucumber
Cucumber/1027.jpg,Cucumber
Cucumber/1028.jpg,Cucumber
Cucumber/1029.jpg,Cucumber
Cucumber/1030.jpg,Cucumber
Cucumber/1031.jpg,Cucumber
Cucumber/1032.jpg,Cucumber
Cucumber/1033.jpg,Cucumber
Cucumber/1034.jpg,Papaya
Cucumber/1035.jpg,Cucumber
Cucumber/1036.jpg,Cucumber
Cucumber/1037.jpg,Cucumber
Cucumber/1038.jpg,Cucumber
Cucumber/1039.jpg,Cucumber
Cucumber/1040.jpg,Cucumber
Cucumber/1041.jpg,Cucumber
Cucumber/1042.jpg,Cucumber
Cucumber/1043.jpg,Cucumber
Cucumber/1044.jpg,Cucumber
Cucumber/1045.jpg,Cucumber
Cucumber/1046.jpg,Cucumber
Cucumber/1047.jpg,Cucumber
Cucumber/1048.jpg,Cucumber
Cucumber/1049.jpg,Cucumber
Cucumber/1050.jpg,Cucumber
Cucumber/1051.jpg,Cucumber
Cucumber/1052.jpg,Cucumber
Cucumber/1053.jpg,Cucumber
Cucumber/1054.jpg,Cucumber
Cucumber/1055.jpg,Cucumber
Cucumber/1056.jpg,Cucumber
Cucumber/1057.jpg,Cucumber
Cucumber/1058.jpg,Cucumber
Cucumber/1059.jpg,Cucumber
Cucumber/1060.jpg,Cucumber
Cucumber/1061.jpg,Cucumber
Cucumber/1062.jpg,Cucumber
Cucumber/1063.jpg,Cucumber
Cucumber/1064.jpg,Cucumber
Cucumber/1065.jpg,Cucumber
Cucumber/1066.jpg,Cucumber
Cucumber/1067.jpg,Cucumber
Cucumber/1068.jpg,Cucumber
Cucumber/1069.jpg,Cucumber
Cucumber/1070.jpg,Cucumber
Cucumber/1071.jpg,Cucumber
Cucumber/1072.jpg,Cucumber
Cucumber/1073.jpg,Cucumber
Cucumber/1074.jpg,Cucumber
Cucumber/1075.jpg,Cucumber
Cucumber/1076.jpg,Cucumber
Cucumber/1077.jpg,Cucumber
Cucumber/1078.jpg,Cucumber
Cucumber/1079.jpg,Cucumber
Cucumber/1080.jpg,Cucumber
Cucumber/1081.jpg,Cucumber
Cucumber/1082.jpg,Cucumber
Cucumber/1083.jpg,Cucumber
Cucumber/1084.jpg,Cucumber
Cucumber/1085.jpg,Cucumber
Cucumber/1086.jpg,Cucumber
Cucumber/1087.jpg,Cucumber
Cucumber/1088.jpg,Cucumber
Cucumber/1089.jpg,Cucumber
Cucumber/1090.jpg,Cucumber
Cucumber/1091.jpg,Cucumber
Cucumber/1092.jpg,Cucumber
Cucumber/1093.jpg,Cucumber
Cucumber/1094.jpg,Cucumber
Cucumber/1095.jpg,Cucumber
Cucumber/1096.jpg,Cucumber
Cucumber/1097.jpg,Cucumber
Cucumber/1098.jpg,Cucumber
Cucumber/1099.jpg,Cucumber
Cucumber/1100.jpg,Cucumber
Cucumber/1101.jpg,Cucumber
Cucumber/1102.jpg,Cucumber
Cucumber/1103.jpg,Cucumber
Cucumber/1104.jpg,Cucumber
Cucumber/1105.jpg,Cucumber
Cucumber/1106.jpg,Cucumber
Cucumber/1107.jpg,Cucumber
Cucumber/1108.jpg,Cucumber
Cucumber/1109.jpg,Cucumber
Cucumber/1110.jpg,Cucumber
Cucumber/1111.jpg,Cucumber
Cucumber/1112.jpg,Cucumber
Cucumber/1113.jpg,Cucumber
Cucumber/1114.jpg,Cucumber
Cucumber/1115.jpg,Cucumber
Cucumber/1116.jpg,Cucumber
Cucumber/1117.jpg,Cucumber
Cucumber/1118.jpg,Cucumber
Cucumber/1119.jpg,Cucumber
Cucumber/1120.jpg,Cucumber
Cucumber/1121.jpg,Cucumber
Cucumber/1122.jpg,Cucumber
Cucumber/1123.jpg,Cucumber
Cucumber/1124.jpg,Cucumber
Cucumber/1125.jpg,Cucumber
Cucumber/1126.jpg,Cucumber
Cucumber/1127.jpg,Cucumber
Cucumber/1128.jpg,Cucumber
Cucumber/1129.jpg,Cucumber
Cucumber/1130.jpg,Cucumber
Cucumber/1131.jpg,Cucumber
Cucumber/1132.jpg,Cucumber
Cucumber/1133.jpg,Cucumber
Cucumber/1134.jpg,Cucumber
Cucumber/1135.jpg,Cucumber
Cucumber/1136.jpg,Cucumber
Cucumber/1137.jpg,Cucumber
Cucumber/1138.jpg,Cucumber
Cucumber/1139.jpg,Cucumber
Cucumber/1140.jpg,Cucumber
Cucumber/1141.jpg,Cucumber
Cucumber/1142.jpg,Cucumber
Cucumber/1143.jpg,Cucumber
Cucumber/1144.jpg,Cucumber
Cucumber/1145.jpg,Cucumber
Cucumber/1146.jpg,Cucumber
Cucumber/1147.jpg,Cucumber
Cucumber/1148.jpg,Cucumber
Cucumber/1149.jpg,Cucumber
Cucumber/1150.jpg,Cucumber
Cucumber/1151.jpg,Cucumber
Cucumber/1152.jpg,Cucumber
Cucumber/1153.jpg,Cucumber
Cucumber/1154.jpg,Cucumber
Cucumber/1155.jpg,Cucumber
Cucumber/1156.jpg,Cucumber
Cucumber/1157.jpg,Cucumber
Cucumber/1158.jpg,Cucumber
Cucumber/1159.jpg,Cucumber
Cucumber/1160.jpg,Cucumber
Cucumber/1161.jpg,Cucumber
Cucumber/1162.jpg,Cucumber
Cucumber/1163.jpg,Cucumber
Cucumber/1164.jpg,Cucumber
Cucumber/1165.jpg,Cucumber
Cucumber/1166.jpg,Cucumber
Cucumber/1167.jpg,Cucumber
Cucumber/1168.jpg,Cucumber
Cucumber/1169.jpg,Cucumber
Cucumber/1170.jpg,Cucumber
Cucumber/1171.jpg,Cucumber
Cucumber/1172.jpg,Cucumber
Cucumber/1173.jpg,Cucumber
Cucumber/1174.jpg,Cucumber
Cucumber/1175.jpg,Cucumber
Cucumber/1176.jpg,Cucumber
Cucumber/1177.jpg,Cucumber
Cucumber/1178.jpg,Cucumber
Cucumber/1179.jpg,Cucumber
Cucumber/1180.jpg,Cucumber
Cucumber/1181.jpg,Cucumber
Cucumber/1182.jpg,Cucumber
Cucumber/1183.jpg,Cucumber
Cucumber/1184.jpg,Cucumber
Cucumber/1185.jpg,Cucumber
Cucumber/1186.jpg,Cucumber
Cucumber/1187.jpg,Cucumber
Cucumber/1188.jpg,Cucumber
Cucumber/1189.jpg,Cucumber
Cucumber/1190.jpg,Cucumber
Cucumber/1191.jpg,Cucumber
Cucumber/1192.jpg,Cucumber
Cucumber/1193.jpg,Cucumber
Cucumber/1194.jpg,Cucumber
Cucumber/1195.jpg,Cucumber
Cucumber/1196.jpg,Cucumber
Cucumber/1197.jpg,Cucumber
Cucumber/1198.jpg,Cucumber
Cucumber/1199.jpg,Cucumber
Cucumber/1200.jpg,Cucumber
Papaya/1198.jpg,Papaya
Papaya/1199.jpg,Papaya
Papaya/1200.jpg,Papaya
Papaya/1201.jpg,Papaya
Papaya/1202.jpg,Papaya
Papaya/1203.jpg,Papaya
Papaya/1204.jpg,Papaya
Papaya/1205.jpg,Papaya
Papaya/1206.jpg,Papaya
Papaya/1207.jpg,Papaya
Papaya/1208.jpg,Papaya
Papaya/1209.jpg,Papaya
Papaya/1210.jpg,Papaya
Papaya/1211.jpg,Papaya
Papaya/1212.jpg,Papaya
Papaya/1213.jpg,Papaya
Papaya/1214.jpg,Papaya
Papaya/1215.jpg,Papaya
Papaya/1216.jpg,Papaya
Papaya/1217.jpg,Papaya
Papaya/1218.jpg,Papaya
Papaya/1219.jpg,Papaya
Papaya/1220.jpg,Papaya
Papaya/1221.jpg,Papaya
Papaya/1222.jpg,Papaya
Papaya/1223.jpg,Papaya
Papaya/1224.jpg,Papaya
Papaya/1225.jpg,Papaya
Papaya/1226.jpg,Papaya
Papaya/1227.jpg,Brinjal
Papaya/1228.jpg,Papaya
Papaya/1229.jpg,Papaya
Papaya/1230.jpg,Papaya
Papaya/1231.jpg,Papaya
Papaya/1232.jpg,Papaya
Papaya/1233.jpg,Brinjal
Papaya/1234.jpg,Papaya
Papaya/1235.jpg,Papaya
Papaya/1236.jpg,Papaya
Papaya/1237.jpg,Papaya
Papaya/1238.jpg,Papaya
Papaya/1239.jpg,Papaya
Papaya/1240.jpg,Papaya
Papaya/1241.jpg,Papaya
Papaya/1242.jpg,Papaya
Papaya/1243.jpg,Papaya
Papaya/1244.jpg,Papaya
Papaya/1245.jpg,Papaya
Papaya/1246.jpg,Papaya
Papaya/1247.jpg,Papaya
Papaya/1248.jpg,Papaya
Papaya/1249.jpg,Papaya
Papaya/1250.jpg,Papaya
Papaya/1251.jpg,Papaya
Papaya/1252.jpg,Papaya
Papaya/1253.jpg,Papaya
Papaya/1254.jpg,Papaya
Papaya/1255.jpg,Brinjal
Papaya/1256.jpg,Papaya
Papaya/1257.jpg,Papaya
Papaya/1258.jpg,Papaya
Papaya/1259.jpg,Papaya
Papaya/1260.jpg,Papaya
Papaya/1261.jpg,Papaya
Papaya/1262.jpg,Papaya
Papaya/1263.jpg,Papaya
Papaya/1264.jpg,Papaya
Papaya/1265.jpg,Papaya
Papaya/1266.jpg,Papaya
Papaya/1267.jpg,Papaya
Papaya/1268.jpg,Brinjal
Papaya/1269.jpg,Papaya
Papaya/1270.jpg,Papaya
Papaya/1271.jpg,Papaya
Papaya/1272.jpg,Papaya
Papaya/1273.jpg,Papaya
Papaya/1274.jpg,Papaya
Papaya/1275.jpg,Papaya
Papaya/1276.jpg,Papaya
Papaya/1277.jpg,Papaya
Papaya/1278.jpg,Papaya
Papaya/1279.jpg,Papaya
Papaya/1280.jpg,Papaya
Papaya/1281.jpg,Papaya
Papaya/1282.jpg,Papaya
Papaya/1283.jpg,Papaya
Papaya/1284.jpg,Papaya
Papaya/1285.jpg,Papaya
Papaya/1286.jpg,Papaya
Papaya/1287.jpg,Papaya
Papaya/1288.jpg,Papaya
Papaya/1289.jpg,Papaya
Papaya/1290.jpg,Papaya
Papaya/1291.jpg,Papaya
Papaya/1292.jpg,Papaya
Papaya/1293.jpg,Papaya
Papaya/1294.jpg,Papaya
Papaya/1295.jpg,Papaya
Papaya/1296.jpg,Papaya
Papaya/1297.jpg,Papaya
Papaya/1298.jpg,Papaya
Papaya/1299.jpg,Papaya
Papaya/1300.jpg,Papaya
Papaya/1301.jpg,Papaya
Papaya/1302.jpg,Papaya
Papaya/1303.jpg,Papaya
Papaya/1304.jpg,Papaya
Papaya/1305.jpg,Papaya
Papaya/1307.jpg,Papaya
Papaya/1308.jpg,Papaya
Papaya/1309.jpg,Papaya
Papaya/1310.jpg,Papaya
Papaya/1312.jpg,Papaya
Papaya/1313.jpg,Papaya
Papaya/1314.jpg,Papaya
Papaya/1315.jpg,Papaya
Papaya/1316.jpg,Papaya
Papaya/1317.jpg,Papaya
Papaya/1318.jpg,Papaya
Papaya/1319.jpg,Papaya
Papaya/1320.jpg,Papaya
Papaya/1321.jpg,Papaya
Papaya/1322.jpg,Papaya
Papaya/1323.jpg,Papaya
Papaya/1324.jpg,Papaya
Papaya/1326.jpg,Papaya
Papaya/1327.jpg,Papaya
Papaya/1328.jpg,Papaya
Papaya/1329.jpg,Papaya
Papaya/1330.jpg,Papaya
Papaya/1331.jpg,Papaya
Papaya/1332.jpg,Brinjal
Papaya/1333.jpg,Papaya
Papaya/1334.jpg,Papaya
Papaya/1335.jpg,Papaya
Papaya/1336.jpg,Papaya
Papaya/1337.jpg,Papaya
Papaya/1338.jpg,Papaya
Papaya/1339.jpg,Papaya
Papaya/1340.jpg,Papaya
Papaya/1341.jpg,Papaya
Papaya/1342.jpg,Papaya
Papaya/1343.jpg,Papaya
Papaya/1344.jpg,Papaya
Papaya/1345.jpg,Papaya
Papaya/1346.jpg,Papaya
Papaya/1347.jpg,Papaya
Papaya/1348.jpg,Papaya
Papaya/1349.jpg,Papaya
Papaya/1350.jpg,Papaya
Papaya/1351.jpg,Papaya
Papaya/1352.jpg,Papaya
Papaya/1353.jpg,Papaya
Papaya/1354.jpg,Papaya
Papaya/1355.jpg,Papaya
Papaya/1356.jpg,Papaya
Papaya/1357.jpg,Papaya
Papaya/1358.jpg,Papaya
Papaya/1359.jpg,Papaya
Papaya/1360.jpg,Papaya
Papaya/1361.jpg,Papaya
Papaya/1362.jpg,Papaya
Papaya/1363.jpg,Papaya
Papaya/1364.jpg,Papaya
Papaya/1365.jpg,Papaya
Papaya/1366.jpg,Papaya
Papaya/1367.jpg,Papaya
Papaya/1368.jpg,Papaya
Papaya/1369.jpg,Papaya
Papaya/1370.jpg,Papaya
Papaya/1371.jpg,Papaya
Papaya/1372.jpg,Papaya
Papaya/1373.jpg,Papaya
Papaya/1374.jpg,Papaya
Papaya/1375.jpg,Papaya
Papaya/1376.jpg,Papaya
Papaya/1377.jpg,Papaya
Papaya/1378.jpg,Papaya
Papaya/1379.jpg,Papaya
Papaya/1380.jpg,Papaya
Papaya/1381.jpg,Papaya
Papaya/1382.jpg,Papaya
Papaya/1383.jpg,Papaya
Papaya/1384.jpg,Papaya
Papaya/1385.jpg,Brinjal
Papaya/1386.jpg,Papaya
Papaya/1387.jpg,Papaya
Papaya/1388.jpg,Papaya
Papaya/1389.jpg,Papaya
Papaya/1390.jpg,Papaya
Papaya/1391.jpg,Papaya
Papaya/1392.jpg,Papaya
Papaya/1393.jpg,Papaya
Papaya/1394.jpg,Papaya
Papaya/1395.jpg,Papaya
Papaya/1396.jpg,Papaya
Papaya/1397.jpg,Papaya
Papaya/1398.jpg,Papaya
Papaya/1399.jpg,Brinjal
Papaya/1400.jpg,Papaya
Potato/1001.jpg,Potato
Potato/1002.jpg,Potato
Potato/1003.jpg,Potato
Potato/1004.jpg,Potato
Potato/1005.jpg,Potato
Potato/1006.jpg,Potato
Potato/1007.jpg,Potato
Potato/1008.jpg,Potato
Potato/1009.jpg,Potato
Potato/1010.jpg,Potato
Potato/1011.jpg,Potato
Potato/1012.jpg,Potato
Potato/1013.jpg,Potato
Potato/1014.jpg,Potato
Potato/1015.jpg,Potato
Potato/1016.jpg,Potato
Potato/1017.jpg,Potato
Potato/1018.jpg,Potato
Potato/1019.jpg,Potato
Potato/1020.jpg,Potato
Potato/1021.jpg,Potato
Potato/1022.jpg,Potato
Potato/1023.jpg,Potato
Potato/1024.jpg,Potato
Potato/1025.jpg,Potato
Potato/1027.jpg,Potato
Potato/1028.jpg,Potato
Potato/1029.jpg,Potato
Potato/1030.jpg,Potato
Potato/1031.jpg,Potato
Potato/1032.jpg,Potato
Potato/1033.jpg,Potato
Potato/1035.jpg,Potato
Potato/1036.jpg,Potato
Potato/1037.jpg,Potato
Potato/1038.jpg,Potato
Potato/1039.jpg,Potato
Potato/1040.jpg,Potato
Potato/1041.jpg,Potato
Potato/1042.jpg,Potato
Potato/1043.jpg,Potato
Potato/1044.jpg,Potato
Potato/1045.jpg,Potato
Potato/1046.jpg,Potato
Potato/1047.jpg,Potato
Potato/1048.jpg,Potato
Potato/1049.jpg,Potato
Potato/1050.jpg,Potato
Potato/1051.jpg,Potato
Potato/1052.jpg,Potato
Potato/1053.jpg,Potato
Potato/1054.jpg,Potato
Potato/1055.jpg,Potato
Potato/1056.jpg,Potato
Potato/1057.jpg,Potato
Potato/1058.jpg,Potato
Potato/1059.jpg,Potato
Potato/1060.jpg,Potato
Potato/1061.jpg,Potato
Potato/1062.jpg,Potato
Potato/1063.jpg,Potato
Potato/1064.jpg,Potato
Potato/1065.jpg,Potato
Potato/1066.jpg,Potato
Potato/1067.jpg,Potato
Potato/1068.jpg,Potato
Potato/1069.jpg,Potato
Potato/1070.jpg,Potato
Potato/1071.jpg,Potato
Potato/1072.jpg,Potato
Potato/1073.jpg,Potato
Potato/1074.jpg,Potato
Potato/1075.jpg,Potato
Potato/1076.jpg,Potato
Potato/1077.jpg,Potato
Potato/1078.jpg,Potato
Potato/1079.jpg,Potato
Potato/1080.jpg,Potato
Potato/1081.jpg,Potato
Potato/1082.jpg,Potato
Potato/1083.jpg,Potato
Potato/1084.jpg,Potato
Potato/1085.jpg,Potato
Potato/1086.jpg,Potato
Potato/1087.jpg,Potato
Potato/1088.jpg,Potato
Potato/1089.jpg,Potato
Potato/1090.jpg,Potato
Potato/1091.jpg,Potato
Potato/1092.jpg,Potato
Potato/1093.jpg,Potato
Potato/1094.jpg,Potato
Potato/1095.jpg,Potato
Potato/1096.jpg,Potato
Potato/1097.jpg,Potato
Potato/1098.jpg,Potato
Potato/1099.jpg,Potato
Potato/1100.jpg,Potato
Potato/1101.jpg,Potato
Potato/1102.jpg,Potato
Potato/1103.jpg,Potato
Potato/1104.jpg,Potato
Potato/1105.jpg,Potato
Potato/1106.jpg,Potato
Potato/1107.jpg,Potato
Potato/1108.jpg,Potato
Potato/1109.jpg,Potato
Potato/1110.jpg,Potato
Potato/1111.jpg,Potato
Potato/1112.jpg,Potato
Potato/1113.jpg,Potato
Potato/1114.jpg,Potato
Potato/1115.jpg,Potato
Potato/1116.jpg,Potato
Potato/1117.jpg,Potato
Potato/1118.jpg,Potato
Potato/1119.jpg,Potato
Potato/1120.jpg,Potato
Potato/1121.jpg,Potato
Potato/1122.jpg,Potato
Potato/1123.jpg,Potato
Potato/1124.jpg,Potato
Potato/1125.jpg,Potato
Potato/1126.jpg,Potato
Potato/1127.jpg,Potato
Potato/1128.jpg,Potato
Potato/1129.jpg,Potato
Potato/1130.jpg,Potato
Potato/1131.jpg,Potato
Potato/1132.jpg,Potato
Potato/1133.jpg,Potato
Potato/1134.jpg,Potato
Potato/1135.jpg,Potato
Potato/1136.jpg,Potato
Potato/1137.jpg,Potato
Potato/1138.jpg,Potato
Potato/1139.jpg,Potato
Potato/1140.jpg,Potato
Potato/1141.jpg,Potato
Potato/1142.jpg,Potato
Potato/1143.jpg,Potato
Potato/1144.jpg,Potato
Potato/1145.jpg,Potato
Potato/1146.jpg,Potato
Potato/1147.jpg,Potato
Potato/1148.jpg,Potato
Potato/1149.jpg,Potato
Potato/1150.jpg,Potato
Potato/1151.jpg,Potato
Potato/1152.jpg,Potato
Potato/1153.jpg,Potato
Potato/1154.jpg,Potato
Potato/1155.jpg,Potato
Potato/1156.jpg,Potato
Potato/1157.jpg,Potato
Potato/1158.jpg,Potato
Potato/1159.jpg,Potato
Potato/1160.jpg,Potato
Potato/1161.jpg,Potato
Potato/1162.jpg,Potato
Potato/1163.jpg,Potato
Potato/1164.jpg,Potato
Potato/1165.jpg,Potato
Potato/1166.jpg,Potato
Potato/1167.jpg,Potato
Potato/1168.jpg,Potato
Potato/1169.jpg,Potato
Potato/1170.jpg,Potato
Potato/1171.jpg,Potato
Potato/1172.jpg,Potato
Potato/1173.jpg,Potato
Potato/1174.jpg,Potato
Potato/1175.jpg,Potato
Potato/1176.jpg,Potato
Potato/1177.jpg,Potato
Potato/1178.jpg,Potato
Potato/1179.jpg,Potato
Potato/1180.jpg,Potato
Potato/1181.jpg,Potato
Potato/1182.jpg,Potato
Potato/1183.jpg,Potato
Potato/1184.jpg,Potato
Potato/1185.jpg,Potato
Potato/1186.jpg,Potato
Potato/1187.jpg,Potato
Potato/1188.jpg,Potato
Potato/1189.jpg,Potato
Potato/1190.jpg,Potato
Potato/1191.jpg,Potato
Potato/1192.jpg,Potato
Potato/1193.jpg,Potato
Potato/1194.jpg,Potato
Potato/1195.jpg,Potato
Potato/1196.jpg,Potato
Potato/1197.jpg,Potato
Potato/1198.jpg,Potato
Potato/1199.jpg,Potato
Potato/1200.jpg,Potato
Potato/1390.jpg,Potato
Potato/1399.jpg,Potato
Pumpkin/1001.jpg,Pumpkin
Pumpkin/1002.jpg,Pumpkin
Pumpkin/1003.jpg,Pumpkin
Pumpkin/1004.jpg,Pumpkin
Pumpkin/1005.jpg,Pumpkin
Pumpkin/1006.jpg,Pumpkin
Pumpkin/1007.jpg,Pumpkin
Pumpkin/1008.jpg,Cauliflower
Pumpkin/1009.jpg,Pumpkin
Pumpkin/1010.jpg,Pumpkin
Pumpkin/1011.jpg,Pumpkin
Pumpkin/1012.jpg,Pumpkin
Pumpkin/1013.jpg,Pumpkin
Pumpkin/1014.jpg,Pumpkin
Pumpkin/1015.jpg,Pumpkin
Pumpkin/1016.jpg,Pumpkin
Pumpkin/1017.jpg,Pumpkin
Pumpkin/1018.jpg,Pumpkin
Pumpkin/1019.jpg,Pumpkin
Pumpkin/1020.jpg,Pumpkin
Pumpkin/1021.jpg,Pumpkin
Pumpkin/1022.jpg,Pumpkin
Pumpkin/1023.jpg,Pumpkin
Pumpkin/1024.jpg,Pumpkin
Pumpkin/1025.jpg,Pumpkin
Pumpkin/1026.jpg,Pumpkin
Pumpkin/1027.jpg,Pumpkin
Pumpkin/1028.jpg,Pumpkin
Pumpkin/1029.jpg,Pumpkin
Pumpkin/1030.jpg,Pumpkin
Pumpkin/1031.jpg,Pumpkin
Pumpkin/1032.jpg,Pumpkin
Pumpkin/1033.jpg,Pumpkin
Pumpkin/1034.jpg,Pumpkin
Pumpkin/1035.jpg,Pumpkin
Pumpkin/1036.jpg,Pumpkin
Pumpkin/1037.jpg,Pumpkin
Pumpkin/1038.jpg,Pumpkin
Pumpkin/1039.jpg,Pumpkin
Pumpkin/1040.jpg,Pumpkin
Pumpkin/1041.jpg,Pumpkin
Pumpkin/1042.jpg,Pumpkin
Pumpkin/1043.jpg,Pumpkin
Pumpkin/1044.jpg,Pumpkin
Pumpkin/1045.jpg,Pumpkin
Pumpkin/1046.jpg,Pumpkin
Pumpkin/1047.jpg,Pumpkin
Pumpkin/1048.jpg,Pumpkin
Pumpkin/1049.jpg,Pumpkin
Pumpkin/1050.jpg,Pumpkin
Pumpkin/1051.jpg,Pumpkin
Pumpkin/1052.jpg,Pumpkin
Pumpkin/1053.jpg,Pumpkin
Pumpkin/1054.jpg,Pumpkin
Pumpkin/1055.jpg,Pumpkin
Pumpkin/1056.jpg,Pumpkin
Pumpkin/1057.jpg,Pumpkin
Pumpkin/1058.jpg,Pumpkin
Pumpkin/1059.jpg,Pumpkin
Pumpkin/1060.jpg,Pumpkin
Pumpkin/1061.jpg,Pumpkin
Pumpkin/1062.jpg,Pumpkin
Pumpkin/1063.jpg,Pumpkin
Pumpkin/1064.jpg,Pumpkin
Pumpkin/1065.jpg,Pumpkin
Pumpkin/1066.jpg,Pumpkin
Pumpkin/1067.jpg,Pumpkin
Pumpkin/1068.jpg,Pumpkin
Pumpkin/1069.jpg,Pumpkin
Pumpkin/1070.jpg,Pumpkin
Pumpkin/1071.jpg,Pumpkin
Pumpkin/1072.jpg,Pumpkin
Pumpkin/1073.jpg,Pumpkin
Pumpkin/1074.jpg,Pumpkin
Pumpkin/1075.jpg,Pumpkin
Pumpkin/1076.jpg,Pumpkin
Pumpkin/1077.jpg,Pumpkin
Pumpkin/1078.jpg,Pumpkin
Pumpkin/1079.jpg,Pumpkin
Pumpkin/1080.jpg,Pumpkin
Pumpkin/1081.jpg,Pumpkin
Pumpkin/1082.jpg,Pumpkin
Pumpkin/1083.jpg,Pumpkin
Pumpkin/1084.jpg,Pumpkin
Pumpkin/1085.jpg,Pumpkin
Pumpkin/1086.jpg,Pumpkin
Pumpkin/1087.jpg,Pumpkin
Pumpkin/1088.jpg,Pumpkin
Pumpkin/1089.jpg,Pumpkin
Pumpkin/1090.jpg,Pumpkin
Pumpkin/1091.jpg,Pumpkin
Pumpkin/1092.jpg,Pumpkin
Pumpkin/1093.jpg,Pumpkin
Pumpkin/1094.jpg,Pumpkin
Pumpkin/1095.jpg,Pumpkin
Pumpkin/1096.jpg,Pumpkin
Pumpkin/1097.jpg,Pumpkin
Pumpkin/1098.jpg,Pumpkin
Pumpkin/1099.jpg,Pumpkin
Pumpkin/1100.jpg,Pumpkin
Pumpkin/1101.jpg,Pumpkin
Pumpkin/1102.jpg,Pumpkin
Pumpkin/1103.jpg,Pumpkin
Pumpkin/1104.jpg,Pumpkin
Pumpkin/1105.jpg,Pumpkin
Pumpkin/1106.jpg,Pumpkin
Pumpkin/1107.jpg,Pumpkin
Pumpkin/1108.jpg,Pumpkin
Pumpkin/1109.jpg,Pumpkin
Pumpkin/1110.jpg,Pumpkin
Pumpkin/1111.jpg,Pumpkin
Pumpkin/1112.jpg,Pumpkin
Pumpkin/1113.jpg,Pumpkin
Pumpkin/1114.jpg,Pumpkin
Pumpkin/1115.jpg,Pumpkin
Pumpkin/1116.jpg,Pumpkin
Pumpkin/1117.jpg,Pumpkin
Pumpkin/1118.jpg,Pumpkin
Pumpkin/1119.jpg,Pumpkin
Pumpkin/1120.jpg,Pumpkin
Pumpkin/1121.jpg,Pumpkin
Pumpkin/1122.jpg,Pumpkin
Pumpkin/1123.jpg,Pumpkin
Pumpkin/1124.jpg,Pumpkin
Pumpkin/1125.jpg,Pumpkin
Pumpkin/1126.jpg,Pumpkin
Pumpkin/1127.jpg,Pumpkin
Pumpkin/1128.jpg,Pumpkin
Pumpkin/1129.jpg,Pumpkin
Pumpkin/1130.jpg,Pumpkin
Pumpkin/1131.jpg,Pumpkin
Pumpkin/1132.jpg,Pumpkin
Pumpkin/1133.jpg,Pumpkin
Pumpkin/1134.jpg,Pumpkin
Pumpkin/1135.jpg,Pumpkin
Pumpkin/1136.jpg,Pumpkin
Pumpkin/1137.jpg,Pumpkin
Pumpkin/1138.jpg,Pumpkin
Pumpkin/1139.jpg,Pumpkin
Pumpkin/1140.jpg,Pumpkin
Pumpkin/1141.jpg,Pumpkin
Pumpkin/1142.jpg,Pumpkin
Pumpkin/1143.jpg,Pumpkin
Pumpkin/1144.jpg,Pumpkin
Pumpkin/1145.jpg,Pumpkin
Pumpkin/1146.jpg,Pumpkin
Pumpkin/1147.jpg,Pumpkin
Pumpkin/1148.jpg,Pumpkin
Pumpkin/1149.jpg,Pumpkin
Pumpkin/1150.jpg,Pumpkin
Pumpkin/1151.jpg,Pumpkin
Pumpkin/1152.jpg,Pumpkin
Pumpkin/1153.jpg,Pumpkin
Pumpkin/1154.jpg,Pumpkin
Pumpkin/1155.jpg,Pumpkin
Pumpkin/1156.jpg,Pumpkin
Pumpkin/1157.jpg,Pumpkin
Pumpkin/1158.jpg,Pumpkin
Pumpkin/1159.jpg,Pumpkin
Pumpkin/1160.jpg,Pumpkin
Pumpkin/1161.jpg,Pumpkin
Pumpkin/1162.jpg,Pumpkin
Pumpkin/1163.jpg,Pumpkin
Pumpkin/1164.jpg,Pumpkin
Pumpkin/1165.jpg,Pumpkin
Pumpkin/1166.jpg,Pumpkin
Pumpkin/1167.jpg,Pumpkin
Pumpkin/1168.jpg,Pumpkin
Pumpkin/1169.jpg,Pumpkin
Pumpkin/1170.jpg,Pumpkin
Pumpkin/1171.jpg,Pumpkin
Pumpkin/1172.jpg,Pumpkin
Pumpkin/1173.jpg,Pumpkin
Pumpkin/1174.jpg,Pumpkin
Pumpkin/1175.jpg,Pumpkin
Pumpkin/1176.jpg,Pumpkin
Pumpkin/1177.jpg,Pumpkin
Pumpkin/1178.jpg,Pumpkin
Pumpkin/1179.jpg,Pumpkin
Pumpkin/1180.jpg,Pumpkin
Pumpkin/1181.jpg,Pumpkin
Pumpkin/1182.jpg,Pumpkin
Pumpkin/1183.jpg,Pumpkin
Pumpkin/1184.jpg,Pumpkin
Pumpkin/1185.jpg,Pumpkin
Pumpkin/1186.jpg,Pumpkin
Pumpkin/1187.jpg,Pumpkin
Pumpkin/1188.jpg,Pumpkin
Pumpkin/1189.jpg,Pumpkin
Pumpkin/1190.jpg,Pumpkin
Pumpkin/1191.jpg,Pumpkin
Pumpkin/1192.jpg,Pumpkin
Pumpkin/1193.jpg,Pumpkin
Pumpkin/1194.jpg,Pumpkin
Pumpkin/1195.jpg,Pumpkin
Pumpkin/1196.jpg,Pumpkin
Pumpkin/1197.jpg,Pumpkin
Pumpkin/1198.jpg,Pumpkin
Pumpkin/1199.jpg,Pumpkin
Pumpkin/1200.jpg,Pumpkin
Radish/1001.jpg,Radish
Radish/1002.jpg,Radish
Radish/1003.jpg,Radish
Radish/1004.jpg,Radish
Radish/1005.jpg,Radish
Radish/1006.jpg,Radish
Radish/1007.jpg,Radish
Radish/1008.jpg,Radish
Radish/1009.jpg,Radish
Radish/1010.jpg,Radish
Radish/1011.jpg,Radish
Radish/1012.jpg,Radish
Radish/1013.jpg,Radish
Radish/1014.jpg,Radish
Radish/1015.jpg,Radish
Radish/1016.jpg,Radish
Radish/1017.jpg,Radish
Radish/1018.jpg,Radish
Radish/1019.jpg,Radish
Radish/1020.jpg,Radish
Radish/1021.jpg,Radish
Radish/1022.jpg,Radish
Radish/1023.jpg,Radish
Radish/1024.jpg,Radish
Radish/1025.jpg,Radish
Radish/1026.jpg,Radish
Radish/1027.jpg,Radish
Radish/1028.jpg,Radish
Radish/1029.jpg,Radish
Radish/1030.jpg,Radish
Radish/1031.jpg,Radish
Radish/1032.jpg,Radish
Radish/1033.jpg,Radish
Radish/1034.jpg,Radish
Radish/1035.jpg,Radish
Radish/1036.jpg,Radish
Radish/1037.jpg,Radish
Radish/1038.jpg,Radish
Radish/1039.jpg,Radish
Radish/1040.jpg,Radish
Radish/1041.jpg,Radish
Radish/1042.jpg,Radish
Radish/1043.jpg,Radish
Radish/1044.jpg,Radish
Radish/1045.jpg,Radish
Radish/1046.jpg,Radish
Radish/1047.jpg,Radish
Radish/1048.jpg,Radish
Radish/1049.jpg,Radish
Radish/1050.jpg,Radish
Radish/1051.jpg,Radish
Radish/1052.jpg,Radish
Radish/1053.jpg,Radish
Radish/1054.jpg,Radish
Radish/1055.jpg,Radish
Radish/1056.jpg,Radish
Radish/1057.jpg,Radish
Radish/1058.jpg,Radish
Radish/1059.jpg,Radish
Radish/1060.jpg,Radish
Radish/1061.jpg,Radish
Radish/1062.jpg,Radish
Radish/1063.jpg,Radish
Radish/1064.jpg,Radish
Radish/1065.jpg,Radish
Radish/1066.jpg,Radish
Radish/1067.jpg,Radish
Radish/1068.jpg,Radish
Radish/1069.jpg,Radish
Radish/1070.jpg,Radish
Radish/1071.jpg,Radish
Radish/1072.jpg,Radish
Radish/1073.jpg,Radish
Radish/1074.jpg,Radish
Radish/1075.jpg,Radish
Radish/1076.jpg,Radish
Radish/1077.jpg,Radish
Radish/1078.jpg,Radish
Radish/1079.jpg,Radish
Radish/1080.jpg,Radish
Radish/1081.jpg,Radish
Radish/1082.jpg,Radish
Radish/1083.jpg,Radish
Radish/1084.jpg,Radish
Radish/1085.jpg,Radish
Radish/1086.jpg,Radish
Radish/1087.jpg,Radish
Radish/1088.jpg,Radish
Radish/1089.jpg,Radish
Radish/1090.jpg,Radish
Radish/1091.jpg,Radish
Radish/1092.jpg,Radish
Radish/1093.jpg,Radish
Radish/1094.jpg,Radish
Radish/1095.jpg,Radish
Radish/1096.jpg,Radish
Radish/1097.jpg,Radish
Radish/1098.jpg,Radish
Radish/1099.jpg,Radish
Radish/1100.jpg,Radish
Radish/1101.jpg,Radish
Radish/1102.jpg,Radish
Radish/1103.jpg,Radish
Radish/1104.jpg,Radish
Radish/1105.jpg,Radish
Radish/1106.jpg,Radish
Radish/1107.jpg,Radish
Radish/1108.jpg,Radish
Radish/1109.jpg,Radish
Radish/1110.jpg,Radish
Radish/1111.jpg,Radish
Radish/1112.jpg,Radish
Radish/1113.jpg,Radish
Radish/1114.jpg,Radish
Radish/1115.jpg,Radish
Radish/1116.jpg,Radish
Radish/1117.jpg,Radish
Radish/1118.jpg,Radish
Radish/1119.jpg,Radish
Radish/1120.jpg,Radish
Radish/1121.jpg,Radish
Radish/1122.jpg,Radish
Radish/1123.jpg,Radish
Radish/1124.jpg,Radish
Radish/1125.jpg,Radish
Radish/1126.jpg,Radish
Radish/1127.jpg,Radish
Radish/1128.jpg,Radish
Radish/1129.jpg,Radish
Radish/1130.jpg,Radish
Radish/1131.jpg,Radish
Radish/1132.jpg,Radish
Radish/1133.jpg,Radish
Radish/1134.jpg,Radish
Radish/1135.jpg,Radish
Radish/1136.jpg,Radish
Radish/1137.jpg,Radish
Radish/1138.jpg,Radish
Radish/1139.jpg,Radish
Radish/1140.jpg,Radish
Radish/1141.jpg,Radish
Radish/1142.jpg,Radish
Radish/1143.jpg,Radish
Radish/1144.jpg,Radish
Radish/1145.jpg,Radish
Radish/1146.jpg,Radish
Radish/1147.jpg,Radish
Radish/1148.jpg,Radish
Radish/1149.jpg,Radish
Radish/1150.jpg,Radish
Radish/1151.jpg,Radish
Radish/1152.jpg,Radish
Radish/1153.jpg,Radish
Radish/1154.jpg,Radish
Radish/1155.jpg,Radish
Radish/1156.jpg,Radish
Radish/1157.jpg,Radish
Radish/1158.jpg,Radish
Radish/1159.jpg,Radish
Radish/1160.jpg,Radish
Radish/1161.jpg,Radish
Radish/1162.jpg,Radish
Radish/1163.jpg,Radish
Radish/1164.jpg,Radish
Radish/1165.jpg,Radish
Radish/1166.jpg,Radish
Radish/1167.jpg,Radish
Radish/1168.jpg,Radish
Radish/1169.jpg,Radish
Radish/1170.jpg,Radish
Radish/1171.jpg,Radish
Radish/1172.jpg,Radish
Radish/1173.jpg,Radish
Radish/1174.jpg,Radish
Radish/1175.jpg,Radish
Radish/1176.jpg,Radish
Radish/1177.jpg,Radish
Radish/1178.jpg,Radish
Radish/1179.jpg,Radish
Radish/1180.jpg,Radish
Radish/1181.jpg,Radish
Radish/1182.jpg,Radish
Radish/1183.jpg,Radish
Radish/1184.jpg,Radish
Radish/1185.jpg,Radish
Radish/1186.jpg,Radish
Radish/1187.jpg,Radish
Radish/1188.jpg,Radish
Radish/1189.jpg,Radish
Radish/1190.jpg,Radish
Radish/1191.jpg,Radish
Radish/1192.jpg,Radish
Radish/1193.jpg,Radish
Radish/1194.jpg,Radish
Radish/1195.jpg,Radish
Radish/1196.jpg,Radish
Radish/1197.jpg,Radish
Radish/1198.jpg,Radish
Radish/1199.jpg,Radish
Radish/1200.jpg,Radish
Tomato/1001.jpg,Tomato
Tomato/1002.jpg,Tomato
Tomato/1003.jpg,Tomato
Tomato/1004.jpg,Tomato
Tomato/1005.jpg,Tomato
Tomato/1006.jpg,Tomato
Tomato/1007.jpg,Tomato
Tomato/1008.jpg,Tomato
Tomato/1009.jpg,Tomato
Tomato/1010.jpg,Tomato
Tomato/1011.jpg,Tomato
Tomato/1012.jpg,Tomato
Tomato/1013.jpg,Tomato
Tomato/1014.jpg,Tomato
Tomato/1015.jpg,Tomato
Tomato/1016.jpg,Tomato
Tomato/1017.jpg,Tomato
Tomato/1018.jpg,Tomato
Tomato/1019.jpg,Tomato
Tomato/1020.jpg,Tomato
Tomato/1021.jpg,Tomato
Tomato/1022.jpg,Tomato
Tomato/1023.jpg,Tomato
Tomato/1024.jpg,Tomato
Tomato/1025.jpg,Tomato
Tomato/1026.jpg,Tomato
Tomato/1027.jpg,Tomato
Tomato/1028.jpg,Tomato
Tomato/1029.jpg,Tomato
Tomato/1030.jpg,Tomato
Tomato/1031.jpg,Tomato
Tomato/1032.jpg,Tomato
Tomato/1033.jpg,Tomato
Tomato/1034.jpg,Tomato
Tomato/1035.jpg,Tomato
Tomato/1036.jpg,Tomato
Tomato/1037.jpg,Tomato
Tomato/1038.jpg,Tomato
Tomato/1039.jpg,Tomato
Tomato/1040.jpg,Tomato
Tomato/1041.jpg,Tomato
Tomato/1042.jpg,Tomato
Tomato/1043.jpg,Tomato
Tomato/1044.jpg,Tomato
Tomato/1045.jpg,Tomato
Tomato/1046.jpg,Tomato
Tomato/1047.jpg,Tomato
Tomato/1048.jpg,Tomato
Tomato/1049.jpg,Tomato
Tomato/1050.jpg,Tomato
Tomato/1051.jpg,Tomato
Tomato/1052.jpg,Tomato
Tomato/1053.jpg,Tomato
Tomato/1054.jpg,Tomato
Tomato/1055.jpg,Tomato
Tomato/1056.jpg,Tomato
Tomato/1057.jpg,Tomato
Tomato/1058.jpg,Tomato
Tomato/1059.jpg,Tomato
Tomato/1060.jpg,Tomato
Tomato/1061.jpg,Tomato
Tomato/1062.jpg,Tomato
Tomato/1063.jpg,Tomato
Tomato/1064.jpg,Tomato
Tomato/1065.jpg,Tomato
Tomato/1066.jpg,Tomato
Tomato/1067.jpg,Tomato
Tomato/1068.jpg,Tomato
Tomato/1069.jpg,Tomato
Tomato/1070.jpg,Tomato
Tomato/1071.jpg,Tomato
Tomato/1072.jpg,Tomato
Tomato/1073.jpg,Tomato
Tomato/1074.jpg,Tomato
Tomato/1075.jpg,Tomato
Tomato/1076.jpg,Tomato
Tomato/1077.jpg,Tomato
Tomato/1078.jpg,Tomato
Tomato/1079.jpg,Tomato
Tomato/1080.jpg,Tomato
Tomato/1081.jpg,Tomato
Tomato/1082.jpg,Tomato
Tomato/1083.jpg,Tomato
Tomato/1084.jpg,Tomato
Tomato/1085.jpg,Tomato
Tomato/1086.jpg,Tomato
Tomato/1087.jpg,Tomato
Tomato/1088.jpg,Tomato
Tomato/1089.jpg,Tomato
Tomato/1090.jpg,Tomato
Tomato/1091.jpg,Tomato
Tomato/1092.jpg,Tomato
Tomato/1093.jpg,Tomato
Tomato/1094.jpg,Tomato
Tomato/1095.jpg,Tomato
Tomato/1096.jpg,Tomato
Tomato/1097.jpg,Tomato
Tomato/1098.jpg,Tomato
Tomato/1099.jpg,Tomato
Tomato/1100.jpg,Tomato
Tomato/1101.jpg,Tomato
Tomato/1102.jpg,Tomato
Tomato/1103.jpg,Tomato
Tomato/1104.jpg,Tomato
Tomato/1105.jpg,Tomato
Tomato/1106.jpg,Tomato
Tomato/1107.jpg,Tomato
Tomato/1108.jpg,Tomato
Tomato/1109.jpg,Tomato
Tomato/1110.jpg,Tomato
Tomato/1111.jpg,Tomato
Tomato/1112.jpg,Tomato
Tomato/1113.jpg,Tomato
Tomato/1114.jpg,Tomato
Tomato/1115.jpg,Tomato
Tomato/1116.jpg,Tomato
Tomato/1117.jpg,Tomato
Tomato/1118.jpg,Tomato
Tomato/1119.jpg,Tomato
Tomato/1120.jpg,Tomato
Tomato/1121.jpg,Tomato
Tomato/1122.jpg,Tomato
Tomato/1123.jpg,Tomato
Tomato/1124.jpg,Tomato
Tomato/1125.jpg,Tomato
Tomato/1126.jpg,Tomato
Tomato/1127.jpg,Tomato
Tomato/1128.jpg,Tomato
Tomato/1129.jpg,Tomato
Tomato/1130.jpg,Tomato
Tomato/1131.jpg,Tomato
Tomato/1132.jpg,Tomato
Tomato/1133.jpg,Tomato
Tomato/1134.jpg,Tomato
Tomato/1135.jpg,Tomato
Tomato/1136.jpg,Tomato
Tomato/1137.jpg,Tomato
Tomato/1138.jpg,Tomato
Tomato/1139.jpg,Tomato
Tomato/1140.jpg,Tomato
Tomato/1141.jpg,Tomato
Tomato/1142.jpg,Tomato
Tomato/1143.jpg,Tomato
Tomato/1144.jpg,Tomato
Tomato/1145.jpg,Tomato
Tomato/1146.jpg,Tomato
Tomato/1147.jpg,Tomato
Tomato/1148.jpg,Tomato
Tomato/1149.jpg,Tomato
Tomato/1150.jpg,Tomato
Tomato/1151.jpg,Tomato
Tomato/1152.jpg,Tomato
Tomato/1153.jpg,Tomato
Tomato/1154.jpg,Tomato
Tomato/1155.jpg,Tomato
Tomato/1156.jpg,Tomato
Tomato/1157.jpg,Tomato
Tomato/1158.jpg,Tomato
Tomato/1159.jpg,Tomato
Tomato/1160.jpg,Tomato
Tomato/1161.jpg,Tomato
Tomato/1162.jpg,Tomato
Tomato/1163.jpg,Tomato
Tomato/1164.jpg,Tomato
Tomato/1165.jpg,Tomato
Tomato/1166.jpg,Tomato
Tomato/1167.jpg,Tomato
Tomato/1168.jpg,Tomato
Tomato/1169.jpg,Tomato
Tomato/1170.jpg,Tomato
Tomato/1171.jpg,Tomato
Tomato/1172.jpg,Tomato
Tomato/1173.jpg,Tomato
Tomato/1174.jpg,Tomato
Tomato/1175.jpg,Tomato
Tomato/1176.jpg,Tomato
Tomato/1177.jpg,Tomato
Tomato/1178.jpg,Tomato
Tomato/1179.jpg,Tomato
Tomato/1180.jpg,Tomato
Tomato/1181.jpg,Tomato
Tomato/1182.jpg,Tomato
Tomato/1183.jpg,Tomato
Tomato/1184.jpg,Tomato
Tomato/1185.jpg,Tomato
Tomato/1186.jpg,Tomato
Tomato/1187.jpg,Tomato
Tomato/1188.jpg,Tomato
Tomato/1189.jpg,Tomato
Tomato/1190.jpg,Tomato
Tomato/1191.jpg,Tomato
Tomato/1192.jpg,Tomato
Tomato/1193.jpg,Tomato
Tomato/1194.jpg,Tomato
Tomato/1195.jpg,Tomato
Tomato/1196.jpg,Tomato
Tomato/1197.jpg,Tomato
Tomato/1198.jpg,Tomato
Tomato/1199.jpg,Tomato
Tomato/1200.jpg,Tomato
